-- phpMyAdmin SQL Dump
-- version 4.9.2
-- https://www.phpmyadmin.net/
--
-- Servidor: 127.0.0.1
-- Tiempo de generación: 08-12-2022 a las 14:22:09
-- Versión del servidor: 10.4.11-MariaDB
-- Versión de PHP: 7.4.1

SET SQL_MODE = "NO_AUTO_VALUE_ON_ZERO";
SET AUTOCOMMIT = 0;
START TRANSACTION;
SET time_zone = "+00:00";


/*!40101 SET @OLD_CHARACTER_SET_CLIENT=@@CHARACTER_SET_CLIENT */;
/*!40101 SET @OLD_CHARACTER_SET_RESULTS=@@CHARACTER_SET_RESULTS */;
/*!40101 SET @OLD_COLLATION_CONNECTION=@@COLLATION_CONNECTION */;
/*!40101 SET NAMES utf8mb4 */;

--
-- Base de datos: `clinica`
--

-- --------------------------------------------------------

--
-- Estructura de tabla para la tabla `citas`
--

CREATE TABLE `citas` (
  `ID_CITA` int(3) NOT NULL,
  `Titulo` varchar(30) NOT NULL,
  `Notas` varchar(150) NOT NULL,
  `Mensaje` varchar(150) NOT NULL,
  `Fecha_Cita` date NOT NULL,
  `Hora_Cita` time NOT NULL,
  `ID_Paciente` int(3) NOT NULL,
  `ID_Medico` int(3) NOT NULL,
  `User_ID` int(3) NOT NULL,
  `Costo` decimal(10,0) NOT NULL,
  `Completado` enum('SI','NO') NOT NULL
) ENGINE=InnoDB DEFAULT CHARSET=latin1;

--
-- Volcado de datos para la tabla `citas`
--

INSERT INTO `citas` (`ID_CITA`, `Titulo`, `Notas`, `Mensaje`, `Fecha_Cita`, `Hora_Cita`, `ID_Paciente`, `ID_Medico`, `User_ID`, `Costo`, `Completado`) VALUES
(1, 'Endoconcia', 'El paciente es un aqueroso', 'Opa opa ', '2022-12-08', '08:10:07', 63, 3, 7, '1500', 'SI'),
(4, 'Limpieza Dental', 'tiene dos caries cuidaod', 'Saludoaaaaaaaaaaaa', '2022-12-30', '15:34:00', 1, 3, 9, '9000', 'SI'),
(5, '3 caries a remover', 'tiene dos caries cuidaod', 'Saludoaaaaaaaaaaaa', '2022-12-30', '15:34:00', 1, 3, 9, '9000', 'NO'),
(6, 'Limpieza Dental', 'tiene dos caries cuidaod', 'Saludoaaaaaaaaaaaa', '2023-01-05', '14:41:00', 6, 2, 9, '1600', 'SI');

-- --------------------------------------------------------

--
-- Estructura de tabla para la tabla `factura`
--

CREATE TABLE `factura` (
  `ID_Factura` int(5) NOT NULL,
  `ID_Paciente` int(2) NOT NULL,
  `User_ID` int(2) NOT NULL,
  `ID_Medico` int(3) NOT NULL,
  `ID_CITA` int(3) NOT NULL,
  `costo_cita` float NOT NULL,
  `Balance_Neto` float NOT NULL,
  `ITBIS` float NOT NULL,
  `Pago` varchar(10) NOT NULL,
  `Balance_Final` float NOT NULL,
  `Creado_A` timestamp NOT NULL DEFAULT current_timestamp()
) ENGINE=InnoDB DEFAULT CHARSET=utf8mb4;

--
-- Volcado de datos para la tabla `factura`
--

INSERT INTO `factura` (`ID_Factura`, `ID_Paciente`, `User_ID`, `ID_Medico`, `ID_CITA`, `costo_cita`, `Balance_Neto`, `ITBIS`, `Pago`, `Balance_Final`, `Creado_A`) VALUES
(5, 1, 9, 3, 4, 9000, 45000, 10620, 'Efectivo', 19620, '2022-12-08 06:33:42'),
(6, 1, 9, 3, 4, 9000, 45000, 10620, 'Efectivo', 19620, '2022-12-08 06:33:42'),
(7, 1, 9, 3, 4, 9000, 45000, 10620, 'Efectivo', 19620, '2022-12-08 06:33:42'),
(8, 1, 9, 3, 4, 9000, 45000, 10620, 'Efectivo', 19620, '2022-12-08 06:33:42'),
(9, 1, 9, 3, 4, 9000, 45000, 10620, 'Efectivo', 19620, '2022-12-08 06:33:42'),
(10, 1, 9, 3, 4, 9000, 45000, 10620, 'Efectivo', 19620, '2022-12-08 06:33:42'),
(11, 1, 9, 3, 4, 9000, 45000, 10620, 'Efectivo', 19620, '2022-12-08 06:33:42'),
(12, 1, 9, 3, 4, 9000, 45000, 10620, 'Efectivo', 19620, '2022-12-08 06:33:42'),
(13, 1, 9, 3, 4, 9000, 45000, 10620, 'Efectivo', 19620, '2022-12-08 06:33:42'),
(14, 1, 9, 3, 4, 9000, 45000, 10620, 'Efectivo', 19620, '2022-12-08 06:33:42'),
(15, 1, 9, 3, 4, 9000, 45000, 10620, 'Efectivo', 19620, '2022-12-08 06:33:42'),
(16, 1, 9, 3, 4, 9000, 7500, 10620, 'Efectivo', 19620, '2022-12-08 06:38:27'),
(17, 1, 9, 3, 4, 9000, 7500, 10620, 'Efectivo', 19620, '2022-12-08 06:38:42'),
(18, 1, 9, 3, 4, 9000, 7500, 10620, 'Efectivo', 19620, '2022-12-08 06:40:14'),
(19, 1, 9, 3, 4, 9000, 7500, 10620, 'Efectivo', 19620, '2022-12-08 06:43:22'),
(20, 1, 9, 3, 4, 9000, 7500, 10620, 'Efectivo', 19620, '2022-12-08 06:44:05'),
(21, 1, 9, 3, 4, 9000, 7500, 10620, 'Efectivo', 19620, '2022-12-08 06:44:52'),
(22, 1, 9, 3, 4, 9000, 7500, 10620, 'Efectivo', 19620, '2022-12-08 06:45:18'),
(23, 1, 9, 3, 4, 9000, 7500, 10620, 'Efectivo', 19620, '2022-12-08 06:45:29'),
(24, 1, 9, 3, 4, 9000, 7500, 10620, 'Efectivo', 19620, '2022-12-08 06:49:36'),
(25, 1, 9, 3, 4, 9000, 7500, 10620, 'Efectivo', 19620, '2022-12-08 06:49:50'),
(26, 1, 9, 3, 4, 9000, 7500, 10620, 'Efectivo', 19620, '2022-12-08 06:50:02'),
(27, 1, 9, 3, 4, 9000, 7500, 10620, 'Efectivo', 19620, '2022-12-08 06:50:31'),
(28, 1, 9, 3, 4, 9000, 7500, 10620, 'Efectivo', 19620, '2022-12-08 06:50:43'),
(29, 1, 9, 3, 4, 9000, 7500, 10620, 'Efectivo', 19620, '2022-12-08 06:55:30'),
(30, 1, 9, 3, 4, 9000, 7500, 10620, 'Efectivo', 19620, '2022-12-08 06:55:37'),
(31, 1, 9, 3, 4, 9000, 7500, 10620, 'Efectivo', 19620, '2022-12-08 06:56:28'),
(32, 1, 9, 3, 4, 9000, 7500, 10620, 'Efectivo', 19620, '2022-12-08 06:56:41'),
(33, 1, 9, 3, 4, 9000, 7500, 10620, 'Efectivo', 19620, '2022-12-08 06:56:49'),
(34, 1, 9, 3, 4, 9000, 7500, 10620, 'Efectivo', 19620, '2022-12-08 06:56:54'),
(35, 1, 9, 3, 4, 9000, 7500, 10620, 'Efectivo', 19620, '2022-12-08 06:58:00'),
(36, 1, 9, 3, 4, 9000, 7500, 10620, 'Efectivo', 19620, '2022-12-08 06:58:08'),
(37, 1, 9, 3, 4, 9000, 7500, 10620, 'Efectivo', 19620, '2022-12-08 06:58:19'),
(38, 1, 9, 3, 4, 9000, 7500, 10620, 'Efectivo', 19620, '2022-12-08 06:59:16'),
(39, 1, 9, 3, 4, 9000, 7500, 10620, 'Efectivo', 19620, '2022-12-08 07:02:18'),
(40, 1, 9, 3, 4, 9000, 7500, 10620, 'Efectivo', 19620, '2022-12-08 07:02:27'),
(41, 1, 9, 3, 4, 9000, 7500, 10620, 'Efectivo', 19620, '2022-12-08 07:02:30'),
(42, 1, 9, 3, 4, 9000, 7500, 10620, 'Efectivo', 19620, '2022-12-08 07:02:48'),
(43, 63, 9, 3, 1, 1500, 7500, 1770, 'Efectivo', 3270, '2022-12-08 13:09:25'),
(44, 63, 9, 3, 1, 1500, 7500, 1770, 'Efectivo', 3270, '2022-12-08 13:18:17');

-- --------------------------------------------------------

--
-- Estructura de tabla para la tabla `medico`
--

CREATE TABLE `medico` (
  `ID_Medico` int(3) NOT NULL,
  `Nombre_Medico` varchar(30) NOT NULL,
  `Apellido_Medico` varchar(30) NOT NULL,
  `Cedula` varchar(13) NOT NULL,
  `Genero` varchar(10) NOT NULL,
  `Fecha_Nacimiento` date NOT NULL,
  `Direccion` varchar(50) NOT NULL,
  `Telefono` varchar(12) NOT NULL,
  `Creado_A` timestamp NOT NULL DEFAULT current_timestamp()
) ENGINE=InnoDB DEFAULT CHARSET=latin1;

--
-- Volcado de datos para la tabla `medico`
--

INSERT INTO `medico` (`ID_Medico`, `Nombre_Medico`, `Apellido_Medico`, `Cedula`, `Genero`, `Fecha_Nacimiento`, `Direccion`, `Telefono`, `Creado_A`) VALUES
(2, 'MANUEL', 'ALCANTARA', '402-0985688-5', 'F', '2003-08-04', 'MIRAFLORES', '809-219-6139', '2022-11-15 13:28:52'),
(3, 'MANUEL', 'ALCANTARA', '402-0985688-5', 'F', '2003-08-04', 'MIRAFLORES', '809-219-6139', '2022-11-15 14:08:25');

-- --------------------------------------------------------

--
-- Estructura de tabla para la tabla `pacientes`
--

CREATE TABLE `pacientes` (
  `ID_Paciente` int(3) NOT NULL,
  `Cedula` varchar(15) NOT NULL,
  `Nombre_Paciente` varchar(30) NOT NULL,
  `Apellido_Paciente` varchar(30) NOT NULL,
  `Genero` varchar(1) NOT NULL,
  `Fecha_Nac` date NOT NULL,
  `Direccion` varchar(150) NOT NULL,
  `Telefono` varchar(15) NOT NULL,
  `Alergias` varchar(30) NOT NULL,
  `Creado_En` timestamp NOT NULL DEFAULT current_timestamp()
) ENGINE=InnoDB DEFAULT CHARSET=latin1;

--
-- Volcado de datos para la tabla `pacientes`
--

INSERT INTO `pacientes` (`ID_Paciente`, `Cedula`, `Nombre_Paciente`, `Apellido_Paciente`, `Genero`, `Fecha_Nac`, `Direccion`, `Telefono`, `Alergias`, `Creado_En`) VALUES
(1, '031-2492146-8', 'Crin', 'Lowman', 'F', '2022-08-14', 'Oslo', '809-566-5187', 'Paracetamol', '2022-11-28 12:58:43'),
(2, '031-8802847-4', 'Hollis', 'Ashingden', 'M', '2022-02-17', 'Plaisir', '809-400-1567', 'Atorvastatina', '2022-11-28 12:58:43'),
(3, '031-6368664-2', 'Milena', 'Klimke', 'F', '2022-01-10', '‘?r?f', '809-437-3054', 'Atorvastatina', '2022-11-28 12:58:43'),
(4, '031-8987562-4', 'Ingelbert', 'Alsford', 'M', '2021-12-11', 'Caibiran', '809-921-4519', '', '2022-11-28 12:58:43'),
(5, '031-1300252-0', 'Algernon', 'Impey', 'M', '2022-07-18', 'Macaíba', '809-727-0142', 'Paracetamol', '2022-11-28 12:58:44'),
(6, '031-5125515-8', 'Grantham', 'Hawlgarth', 'M', '2022-07-20', 'Hudong', '809-966-8827', 'Amlodipina', '2022-11-28 12:58:44'),
(7, '031-1279644-0', 'Hi', 'Stack', 'M', '2022-01-31', 'Toulouse', '809-056-9463', 'Simvastatina', '2022-11-28 12:58:44'),
(8, '031-0606620-9', 'Daisey', 'Sparshutt', 'F', '2021-12-26', 'Nunhala', '809-734-1085', '', '2022-11-28 12:58:44'),
(9, '031-7088281-7', 'Vera', 'Pedrick', 'F', '2022-05-11', 'Poshnje', '809-323-6938', '', '2022-11-28 12:58:44'),
(10, '031-3565990-6', 'Esra', 'Nicholl', 'M', '2022-11-13', 'In?ukalns', '809-515-9009', 'Atorvastatina', '2022-11-28 12:58:44'),
(11, '031-3120367-5', 'Sapphire', 'Fuentez', 'F', '2022-01-27', 'Nueva Requena', '809-291-1489', 'Simvastatina', '2022-11-28 12:58:44'),
(12, '031-7306539-1', 'Penn', 'Hulls', 'M', '2022-01-03', 'Huolianpo', '809-210-3865', 'Salbutamol', '2022-11-28 12:58:44'),
(13, '031-9248073-4', 'Danya', 'Legerwood', 'F', '2022-01-17', 'Jiulong', '809-190-4045', 'Paracetamol', '2022-11-28 12:58:44'),
(14, '031-4356569-9', 'Beverlie', 'Bargery', 'F', '2022-06-12', 'Žaclé?', '809-069-6036', 'Amlodipina', '2022-11-28 12:58:44'),
(15, '031-6400767-1', 'Gweneth', 'Fairbard', 'F', '2022-01-25', 'Kharkiv', '809-941-6857', 'Lexotiroxina sódica', '2022-11-28 12:58:44'),
(16, '031-7258737-2', 'Hamlin', 'MacKeig', 'M', '2022-11-14', 'Songying', '809-223-1672', 'Omeprazol', '2022-11-28 12:58:44'),
(17, '031-5222716-6', 'Lalo', 'Lemmertz', 'M', '2021-11-25', 'Sieniawa ?arska', '809-473-2599', 'Aspirina', '2022-11-28 12:58:44'),
(18, '031-7568828-3', 'Emogene', 'Chadburn', 'F', '2022-04-10', 'Azogues', '809-803-7546', 'Salbutamol', '2022-11-28 12:58:44'),
(19, '031-3245020-2', 'Albert', 'Bloxsome', 'M', '2022-10-21', 'Yangambi', '809-819-2968', '', '2022-11-28 12:58:44'),
(20, '031-4024231-1', 'Sheffy', 'Freake', 'M', '2022-07-27', 'Lilla Edet', '809-106-1593', 'Paracetamol', '2022-11-28 12:58:44'),
(21, '031-2067125-8', 'Staci', 'Louw', 'F', '2021-12-07', 'Gexi', '809-647-6817', 'Paracetamol', '2022-11-28 12:58:44'),
(22, '031-6903715-7', 'Mahmoud', 'Stainson', 'M', '2022-07-03', 'Dachang', '809-833-5673', 'Paracetamol', '2022-11-28 12:58:44'),
(23, '031-8469558-9', 'Perle', 'Brunini', 'F', '2022-05-28', 'Youssoufia', '809-181-5272', 'Ramipril', '2022-11-28 12:58:45'),
(24, '031-5811055-2', 'Stefan', 'Brunke', 'M', '2022-11-05', 'Taipa', '809-528-0664', 'Salbutamol', '2022-11-28 12:58:45'),
(25, '031-3975870-4', 'Zola', 'Bourley', 'F', '2022-07-24', 'Balakhninskiy', '809-453-1034', 'Omeprazol', '2022-11-28 12:58:45'),
(26, '031-4636579-7', 'Barbaraanne', 'Blakeman', 'F', '2022-04-22', 'Shuangta', '809-894-8418', 'Atorvastatina', '2022-11-28 12:58:45'),
(27, '031-1060815-2', 'Ignacius', 'Rayworth', 'M', '2022-10-12', 'Santa Cruz do Sul', '809-119-6906', 'Salbutamol', '2022-11-28 12:58:45'),
(28, '031-9099475-1', 'Josiah', 'Conen', 'M', '2022-05-31', 'Kishiwada', '809-061-9974', 'Amlodipina', '2022-11-28 12:58:45'),
(29, '031-8523695-2', 'Nariko', 'Lemasney', 'F', '2022-07-25', 'Shuiyang', '809-147-4879', 'Lansoprazol', '2022-11-28 12:58:45'),
(30, '031-4527744-6', 'Benjy', 'Gilston', 'M', '2022-03-13', 'Washington', '809-995-5164', 'Aspirina', '2022-11-28 12:58:45'),
(31, '031-7559209-1', 'Cris', 'Aisbett', 'M', '2022-10-17', 'Greensboro', '809-639-5356', 'Aspirina', '2022-11-28 12:58:45'),
(32, '031-1320668-2', 'Kliment', 'Gell', 'M', '2022-06-04', 'Vitoria-Gasteiz', '809-520-4500', 'Atorvastatina', '2022-11-28 12:58:45'),
(33, '031-1121654-1', 'Valina', 'Kinsey', 'F', '2021-12-27', 'Hadyach', '809-980-4055', 'Simvastatina', '2022-11-28 12:58:45'),
(34, '031-4931502-4', 'Beverlee', 'Broadis', 'F', '2021-12-28', 'Namikupa', '809-883-2673', 'Paracetamol', '2022-11-28 12:58:45'),
(35, '031-0964945-8', 'Tracey', 'Ketts', 'F', '2022-11-16', 'Tyresö', '809-391-8887', 'Lexotiroxina sódica', '2022-11-28 12:58:45'),
(36, '031-1511676-2', 'Allen', 'Veracruysse', 'M', '2022-06-30', 'Ekerö', '809-516-5194', 'Lansoprazol', '2022-11-28 12:58:45'),
(37, '031-4956792-6', 'Tailor', 'Baton', 'M', '2022-03-07', 'Duyun', '809-494-7020', '', '2022-11-28 12:58:45'),
(38, '031-4222507-2', 'Manny', 'Deme', 'M', '2022-03-08', 'Bago', '809-428-4387', 'Amlodipina', '2022-11-28 12:58:45'),
(39, '031-9089558-1', 'Stevie', 'Curman', 'M', '2022-07-18', 'Zhongshan', '809-793-7489', 'Amlodipina', '2022-11-28 12:58:45'),
(40, '031-8119160-0', 'Izzy', 'Scandwright', 'M', '2022-02-19', 'Almeria', '809-827-1832', 'Lansoprazol', '2022-11-28 12:58:45'),
(41, '031-6157612-3', 'Shane', 'Kienzle', 'F', '2022-07-08', 'Tullamore', '809-373-5077', 'Lexotiroxina sódica', '2022-11-28 12:58:45'),
(42, '031-8909765-8', 'Felice', 'O\' Hogan', 'M', '2022-10-14', 'Kraczkowa', '809-109-1595', 'Lansoprazol', '2022-11-28 12:58:45'),
(43, '031-2943945-8', 'Roth', 'Feeney', 'M', '2022-02-25', 'Hakodate', '809-062-5530', 'Aspirina', '2022-11-28 12:58:45'),
(44, '031-1616043-4', 'Serge', 'MacKerley', 'M', '2022-04-21', 'Panjg?r', '809-958-2305', '', '2022-11-28 12:58:45'),
(45, '031-1939996-1', 'Sumner', 'Hendrix', 'M', '2022-03-15', 'Épernay', '809-535-2680', '', '2022-11-28 12:58:46'),
(46, '031-8328373-6', 'Rodi', 'Ithell', 'F', '2022-11-17', 'Banovo Polje', '809-754-9339', 'Salbutamol', '2022-11-28 12:58:46'),
(47, '031-0669127-7', 'Haywood', 'Baldrick', 'M', '2022-08-01', 'To’rtko’l Shahri', '809-811-0147', 'Lansoprazol', '2022-11-28 12:58:46'),
(48, '031-9825730-8', 'Waite', 'Birnie', 'M', '2022-09-07', 'Élancourt', '809-631-5948', 'Omeprazol', '2022-11-28 12:58:46'),
(49, '031-7256681-3', 'Waldon', 'Rawson', 'M', '2022-08-14', 'Sairam', '809-830-5622', 'Salbutamol', '2022-11-28 12:58:46'),
(50, '031-9972436-0', 'Phillie', 'Gregon', 'F', '2022-08-11', 'Lomma', '809-486-8072', 'Ramipril', '2022-11-28 12:58:46'),
(51, '031-1519700-0', 'Law', 'Moulder', 'M', '2022-09-06', 'Al Mazra‘ah', '809-667-7730', 'Amlodipina', '2022-11-28 12:58:46'),
(52, '031-1250593-6', 'Trisha', 'Slym', 'F', '2022-11-09', 'Sobreiro', '809-848-2541', 'Aspirina', '2022-11-28 12:58:46'),
(53, '031-1264626-7', 'William', 'Bush', 'M', '2022-09-16', 'Tall Sal?ab', '809-004-2463', 'Lexotiroxina sódica', '2022-11-28 12:58:46'),
(54, '031-4872245-3', 'Flory', 'Boundy', 'M', '2022-10-04', 'Fornos', '809-120-1693', 'Omeprazol', '2022-11-28 12:58:46'),
(55, '031-4267276-0', 'Dallis', 'Hazeldene', 'M', '2022-04-09', 'Tanzybey', '809-031-2024', 'Salbutamol', '2022-11-28 12:58:46'),
(56, '031-5955558-6', 'Joye', 'Siddall', 'F', '2022-11-04', 'Zabierzów', '809-607-0722', 'Atorvastatina', '2022-11-28 12:58:46'),
(57, '031-7474256-1', 'Jarrad', 'Akrigg', 'M', '2022-02-14', 'Yinzhu', '809-562-5686', 'Simvastatina', '2022-11-28 12:58:46'),
(58, '031-4704500-0', 'Tony', 'Bockings', 'M', '2022-06-24', 'Estacion', '809-254-6938', 'Lansoprazol', '2022-11-28 12:58:46'),
(59, '031-7075829-1', 'Savina', 'Emig', 'F', '2022-08-19', 'Subaykh?n', '809-290-3694', 'Lansoprazol', '2022-11-28 12:58:46'),
(60, '031-6426380-5', 'Fredericka', 'Dumbelton', 'F', '2021-12-18', 'Cournon-d\'Auvergne', '809-556-3959', 'Amlodipina', '2022-11-28 12:58:46'),
(61, '031-5290385-0', 'Karlan', 'Olivey', 'M', '2022-04-08', 'Madoi', '809-568-3635', 'Omeprazol', '2022-11-28 12:58:46'),
(62, '031-5237542-9', 'Gunner', 'Espino', 'M', '2022-11-10', 'Nova Granada', '809-451-2413', 'Atorvastatina', '2022-11-28 12:58:46'),
(63, '031-0287953-6', 'Verile', 'Hannabus', 'F', '2022-05-10', 'Sobeok', '809-286-8941', 'Atorvastatina', '2022-11-28 12:58:47'),
(64, '031-0570980-1', 'Kippie', 'Rumble', 'F', '2022-04-20', 'Barak? Barak', '809-979-9345', 'Paracetamol', '2022-11-28 12:58:47'),
(65, '031-1641579-9', 'Nita', 'Balthasar', 'F', '2022-09-27', 'Sankanan', '809-730-3816', 'Lexotiroxina sódica', '2022-11-28 12:58:47'),
(66, '031-2399187-0', 'Glyn', 'Jimes', 'M', '2022-11-02', 'Estacion', '809-196-7123', 'Simvastatina', '2022-11-28 12:58:47'),
(67, '031-2169699-2', 'Addy', 'Brundall', 'F', '2022-08-01', 'Coronda', '809-218-6231', 'Paracetamol', '2022-11-28 12:58:47'),
(68, '031-4906373-1', 'Vasily', 'Le Huquet', 'M', '2022-10-25', 'Liure', '809-217-2705', '', '2022-11-28 12:58:47'),
(69, '031-3307558-4', 'Thurston', 'Brislen', 'M', '2022-02-18', 'Huata', '809-320-2379', 'Simvastatina', '2022-11-28 12:58:47'),
(70, '031-0692052-8', 'Inga', 'D\'Ambrogi', 'F', '2022-07-21', 'Guanmiao', '809-780-9059', 'Omeprazol', '2022-11-28 12:58:47'),
(71, '031-5812523-0', 'Don', 'Domenc', 'M', '2021-12-20', 'Riosucio', '809-550-2888', 'Omeprazol', '2022-11-28 12:58:47'),
(72, '031-0212463-5', 'Hobey', 'McKinney', 'M', '2022-03-08', 'Burmakino', '809-777-2963', 'Paracetamol', '2022-11-28 12:58:47'),
(73, '031-1221234-5', 'Salvador', 'Droogan', 'M', '2022-04-12', 'Tielu', '809-768-1376', 'Aspirina', '2022-11-28 12:58:47'),
(74, '031-4242485-3', 'Culley', 'Rosettini', 'M', '2021-12-18', 'Calape', '809-697-1469', 'Aspirina', '2022-11-28 12:58:47'),
(75, '031-4647207-8', 'Delbert', 'Merrill', 'M', '2022-04-03', 'Neiba', '809-974-9037', 'Amlodipina', '2022-11-28 12:58:47'),
(76, '031-6794213-2', 'Michele', 'Duligall', 'M', '2022-11-18', 'Ferapontovo', '809-345-2733', 'Lansoprazol', '2022-11-28 12:58:47'),
(77, '031-2481348-5', 'Jeana', 'Dominelli', 'F', '2022-11-09', '?byek', '809-357-6058', 'Ramipril', '2022-11-28 12:58:47'),
(78, '031-6043023-6', 'Mair', 'Hirsch', 'F', '2022-04-09', 'Mojocoya', '809-350-8144', 'Ramipril', '2022-11-28 12:58:47'),
(79, '031-6995573-9', 'Chevalier', 'Yurinov', 'M', '2022-02-04', 'Patos Fshat', '809-791-7971', 'Aspirina', '2022-11-28 12:58:47'),
(80, '031-6558726-2', 'Fidela', 'Sommerlin', 'F', '2022-03-05', 'Knyaze-Volkonskoye', '809-171-0466', 'Ramipril', '2022-11-28 12:58:47'),
(81, '031-0005929-1', 'Magnum', 'Werndly', 'M', '2022-03-15', 'Naberera', '809-448-0543', 'Salbutamol', '2022-11-28 12:58:48'),
(82, '031-2399919-7', 'Marleah', 'Le Marchant', 'F', '2022-01-04', 'Talaibon', '809-189-1032', 'Lansoprazol', '2022-11-28 12:58:48'),
(83, '031-9161391-4', 'Danielle', 'Trevear', 'F', '2022-05-17', 'Wangcheng', '809-663-0549', 'Amlodipina', '2022-11-28 12:58:48'),
(84, '031-0321230-1', 'Nance', 'Corradengo', 'F', '2022-09-16', 'Pukekohe East', '809-592-4004', 'Salbutamol', '2022-11-28 12:58:48'),
(85, '031-2320765-7', 'Heidi', 'Welburn', 'F', '2022-05-17', 'Angren', '809-315-5831', 'Lexotiroxina sódica', '2022-11-28 12:58:48'),
(86, '031-1759821-4', 'Prent', 'O\'Carran', 'M', '2022-11-19', 'Opol', '809-081-0115', '', '2022-11-28 12:58:48'),
(87, '031-6057055-9', 'Marijn', 'Benadette', 'M', '2022-02-27', 'Kuroiso', '809-910-0791', 'Atorvastatina', '2022-11-28 12:58:48'),
(88, '031-3964444-1', 'Valdemar', 'Roizin', 'M', '2022-09-30', 'Wadd?n', '809-946-6142', 'Amlodipina', '2022-11-28 12:58:48'),
(89, '031-8542824-9', 'Ann', 'Bax', 'F', '2022-11-21', 'Palaiochóri', '809-081-0700', 'Aspirina', '2022-11-28 12:58:48'),
(90, '031-6842961-5', 'Aloin', 'Diggens', 'M', '2022-02-27', 'Revelstoke', '809-098-1177', 'Atorvastatina', '2022-11-28 12:58:48'),
(91, '031-3048851-5', 'Ingaberg', 'Chamney', 'F', '2022-06-29', 'Durham', '809-023-2600', 'Simvastatina', '2022-11-28 12:58:48'),
(92, '031-0176670-6', 'Cleon', 'Slingsby', 'M', '2022-10-12', 'Tsuyama', '809-964-0920', 'Paracetamol', '2022-11-28 12:58:48'),
(93, '031-8573231-9', 'Baron', 'Ray', 'M', '2022-06-26', 'Feilaixia', '809-520-5128', 'Lexotiroxina sódica', '2022-11-28 12:58:48'),
(94, '031-8945300-0', 'Jeannine', 'Damrel', 'F', '2022-04-16', 'Vnanje Gorice', '809-965-0463', 'Aspirina', '2022-11-28 12:58:48'),
(95, '031-2865706-0', 'Humfrid', 'Careless', 'M', '2022-11-06', 'Hede', '809-960-2173', 'Lexotiroxina sódica', '2022-11-28 12:58:48'),
(96, '031-4624552-4', 'Stuart', 'Donahue', 'M', '2022-10-14', 'Mocoa', '809-884-2042', 'Lansoprazol', '2022-11-28 12:58:48'),
(97, '031-4320279-7', 'Shae', 'Drache', 'F', '2021-11-23', 'Rybie', '809-566-4228', 'Paracetamol', '2022-11-28 12:58:48'),
(98, '031-4487912-5', 'Reggie', 'Flaunier', 'M', '2022-07-29', 'Guanshan', '809-298-7429', 'Atorvastatina', '2022-11-28 12:58:48'),
(99, '031-4509361-1', 'Clarita', 'Jaggli', 'F', '2021-12-22', 'Dahe', '809-877-8809', 'Salbutamol', '2022-11-28 12:58:48'),
(100, '031-0433247-3', 'Hesther', 'Skeates', 'F', '2022-02-25', 'Gilowice', '809-228-0232', 'Paracetamol', '2022-11-28 12:58:48'),
(101, '031-2669439-5', 'Ketti', 'Lemme', 'F', '2022-10-01', 'Salacgr?va', '809-335-9932', 'Lexotiroxina sódica', '2022-11-28 12:58:48'),
(102, '031-8339678-4', 'Gallagher', 'Avieson', 'M', '2022-07-14', 'Brokopondo', '809-886-2691', 'Lexotiroxina sódica', '2022-11-28 12:58:48'),
(103, '031-9783365-5', 'Millie', 'Schaffel', 'F', '2022-08-30', 'Beicheng', '809-950-8025', 'Amlodipina', '2022-11-28 12:58:48'),
(104, '031-2180918-5', 'Legra', 'Munday', 'F', '2022-11-01', 'Khond?b', '809-724-2068', 'Lansoprazol', '2022-11-28 12:58:49'),
(105, '031-8062093-5', 'Modestine', 'Balding', 'F', '2022-07-16', 'Areia Branca', '809-651-7430', 'Lansoprazol', '2022-11-28 12:58:49'),
(106, '031-7983331-0', 'Carlina', 'Tumasian', 'F', '2022-02-16', 'Tegallega', '809-546-5604', 'Amlodipina', '2022-11-28 12:58:49'),
(107, '031-6812140-7', 'Johnette', 'Jennaroy', 'F', '2022-09-04', 'El Refugio', '809-736-4844', 'Simvastatina', '2022-11-28 12:58:49'),
(108, '031-2356446-2', 'Hildegarde', 'Gumb', 'F', '2022-03-29', 'Sidikalang', '809-677-0838', '', '2022-11-28 12:58:49'),
(109, '031-3283280-1', 'Erie', 'Kyston', 'M', '2022-05-27', 'Tambak', '809-269-2638', 'Paracetamol', '2022-11-28 12:58:49'),
(110, '031-6904061-8', 'Karol', 'Greenrodd', 'F', '2022-05-22', 'Chernelytsya', '809-451-6509', 'Lansoprazol', '2022-11-28 12:58:49'),
(111, '031-7099238-3', 'Johnny', 'Simonian', 'M', '2022-10-17', 'Varkaus', '809-181-8529', 'Lexotiroxina sódica', '2022-11-28 12:58:49'),
(112, '031-1328773-9', 'Derick', 'Vido', 'M', '2022-10-13', 'Buka', '809-654-9298', 'Aspirina', '2022-11-28 12:58:49'),
(113, '031-3249282-9', 'Mollie', 'Antoniat', 'F', '2022-11-09', 'Tucson', '809-758-7286', 'Lexotiroxina sódica', '2022-11-28 12:58:49'),
(114, '031-1370690-8', 'Major', 'Marthen', 'M', '2021-12-18', 'Horad Rechytsa', '809-512-1894', 'Simvastatina', '2022-11-28 12:58:49'),
(115, '031-0309894-1', 'Maris', 'Jozefczak', 'F', '2022-03-10', 'Nadi', '809-697-3909', '', '2022-11-28 12:58:49'),
(116, '031-5014117-4', 'Laurice', 'Pickhaver', 'F', '2021-11-30', 'Khulm', '809-434-1745', 'Omeprazol', '2022-11-28 12:58:50'),
(117, '031-7599487-0', 'Hillyer', 'Sorensen', 'M', '2022-09-09', 'Tambir', '809-767-1604', 'Ramipril', '2022-11-28 12:58:50'),
(118, '031-8566694-2', 'Salomon', 'Heatly', 'M', '2021-12-27', 'Aldeia da Piedade', '809-189-9964', 'Lexotiroxina sódica', '2022-11-28 12:58:50'),
(119, '031-5047448-8', 'Heidie', 'Devita', 'F', '2021-12-26', 'Tipaz', '809-854-2117', 'Lexotiroxina sódica', '2022-11-28 12:58:50'),
(120, '031-0228040-4', 'Garvin', 'Drysdale', 'M', '2022-09-03', 'Jind?ichov', '809-693-1991', 'Aspirina', '2022-11-28 12:58:50'),
(121, '031-6049398-6', 'Cleavland', 'Romaines', 'M', '2022-04-08', 'Ambohitseheno', '809-652-7238', 'Amlodipina', '2022-11-28 12:58:50'),
(122, '031-2352572-9', 'Salomi', 'Sabberton', 'F', '2022-02-12', 'Huazhai', '809-178-3941', 'Paracetamol', '2022-11-28 12:58:50'),
(123, '031-1798684-0', 'Adair', 'Toffaloni', 'M', '2022-06-10', 'Zaojiacheng', '809-536-9250', 'Salbutamol', '2022-11-28 12:58:50'),
(124, '031-3145384-6', 'Kerrie', 'Brosio', 'F', '2022-03-15', 'Kit?f', '809-874-6514', 'Salbutamol', '2022-11-28 12:58:50'),
(125, '031-2146567-5', 'Weidar', 'Tytterton', 'M', '2022-10-10', 'Marabá', '809-313-5807', 'Salbutamol', '2022-11-28 12:58:50'),
(126, '031-8329333-0', 'Travis', 'Smy', 'M', '2022-05-27', 'Nanyang', '809-885-5499', 'Omeprazol', '2022-11-28 12:58:50'),
(127, '031-8080015-9', 'Winna', 'Nibley', 'F', '2022-10-07', 'Ye?ilköy', '809-306-9821', 'Omeprazol', '2022-11-28 12:58:51'),
(128, '031-8212752-4', 'Antonetta', 'Weatherill', 'F', '2022-01-24', 'Melíti', '809-913-9420', 'Amlodipina', '2022-11-28 12:58:51'),
(129, '031-5083637-2', 'Woodrow', 'Medland', 'M', '2022-09-22', 'Dawan', '809-867-7627', '', '2022-11-28 12:58:51'),
(130, '031-7988049-6', 'Jemie', 'Yesson', 'F', '2022-10-20', 'Tocha', '809-506-2609', 'Omeprazol', '2022-11-28 12:58:51'),
(131, '031-4720989-8', 'Mycah', 'Hooban', 'M', '2022-08-05', 'Oytal', '809-755-5039', 'Ramipril', '2022-11-28 12:58:51'),
(132, '031-5010303-0', 'Vasilis', 'MacConnell', 'M', '2022-05-10', 'Safed', '809-682-8974', 'Ramipril', '2022-11-28 12:58:51'),
(133, '031-2201420-7', 'Gunar', 'Sinyard', 'M', '2022-05-22', 'Bomadi', '809-289-0818', 'Simvastatina', '2022-11-28 12:58:51'),
(134, '031-2409487-7', 'Worthy', 'Duprey', 'M', '2022-03-08', 'Wuyang', '809-800-6486', 'Atorvastatina', '2022-11-28 12:58:51'),
(135, '031-3523507-6', 'Patti', 'Endrizzi', 'F', '2022-06-19', 'Placencia', '809-707-6479', 'Atorvastatina', '2022-11-28 12:58:51'),
(136, '031-9894359-6', 'Staford', 'McKie', 'M', '2022-07-12', 'El Perico', '809-729-5552', 'Paracetamol', '2022-11-28 12:58:51'),
(137, '031-5445260-0', 'Sande', 'Drabble', 'F', '2022-09-07', 'Shuangjie', '809-475-9050', 'Omeprazol', '2022-11-28 12:58:51'),
(138, '031-3158588-3', 'Dale', 'Ales', 'M', '2022-07-08', 'Dom Pedro', '809-770-0309', 'Aspirina', '2022-11-28 12:58:51'),
(139, '031-9855939-0', 'Eugenius', 'Defrain', 'M', '2022-01-13', 'Los Fresnos', '809-938-8835', 'Amlodipina', '2022-11-28 12:58:51'),
(140, '031-6646459-8', 'Willy', 'Duddridge', 'M', '2022-08-04', 'Minh Long', '809-400-1022', 'Atorvastatina', '2022-11-28 12:58:51'),
(141, '031-7462329-9', 'Morganica', 'Menauteau', 'F', '2022-03-27', 'Marigot', '809-142-6161', '', '2022-11-28 12:58:51'),
(142, '031-9412222-2', 'Leanor', 'Gavigan', 'F', '2022-10-21', 'Nanxing', '809-563-6708', 'Paracetamol', '2022-11-28 12:58:51'),
(143, '031-5231016-2', 'Joni', 'Lamblot', 'F', '2022-09-23', 'Dait?ch?', '809-525-3164', 'Simvastatina', '2022-11-28 12:58:51'),
(144, '031-7980255-9', 'Carie', 'Windross', 'F', '2022-01-14', 'Hekou', '809-869-1937', 'Aspirina', '2022-11-28 12:58:51'),
(145, '031-2911226-1', 'Doll', 'Worms', 'F', '2021-12-23', 'Houilles', '809-157-2264', 'Paracetamol', '2022-11-28 12:58:51'),
(146, '031-6714090-4', 'Jonathan', 'Glasscoe', 'M', '2022-08-24', 'Huitong', '809-177-1903', 'Amlodipina', '2022-11-28 12:58:51'),
(147, '031-1993966-1', 'Jon', 'McDirmid', 'M', '2022-07-22', 'Si Bun Rueang', '809-691-3773', 'Lexotiroxina sódica', '2022-11-28 12:58:52'),
(148, '031-0406643-1', 'Aksel', 'Pollington', 'M', '2022-01-07', 'Arnage', '809-892-0802', 'Amlodipina', '2022-11-28 12:58:52'),
(149, '031-0399665-3', 'Drud', 'Chatell', 'M', '2022-01-23', 'Jantake', '809-278-7228', 'Paracetamol', '2022-11-28 12:58:52'),
(150, '031-8598491-9', 'Carmelia', 'Hatfull', 'F', '2022-06-28', 'Siso', '809-972-1134', 'Omeprazol', '2022-11-28 12:58:52'),
(151, '031-2047833-2', 'Martyn', 'Febre', 'M', '2022-07-02', 'Keles Timur', '809-273-8251', 'Lexotiroxina sódica', '2022-11-28 12:58:52'),
(152, '031-0662731-9', 'Francis', 'Claw', 'M', '2021-12-30', 'Gongbuxue', '809-226-5060', 'Aspirina', '2022-11-28 12:58:52'),
(153, '031-8439543-8', 'Gerri', 'Liley', 'F', '2022-02-07', 'Hesheng', '809-332-9169', 'Salbutamol', '2022-11-28 12:58:52'),
(154, '031-7529892-7', 'Lishe', 'Catcherside', 'F', '2022-04-27', 'San Roque', '809-157-4313', 'Omeprazol', '2022-11-28 12:58:52'),
(155, '031-5538323-2', 'Demeter', 'Reihm', 'F', '2021-12-31', 'Nkoteng', '809-495-3029', 'Ramipril', '2022-11-28 12:58:52'),
(156, '031-3584371-5', 'Cary', 'Stockney', 'M', '2022-10-06', 'Miatli', '809-085-5448', 'Lansoprazol', '2022-11-28 12:58:52'),
(157, '031-7148518-7', 'Silvie', 'Mathwin', 'F', '2022-04-18', 'San Javier', '809-092-6421', 'Atorvastatina', '2022-11-28 12:58:52'),
(158, '031-4292153-7', 'Cathi', 'Chaffe', 'F', '2022-07-08', 'Malbork', '809-310-3143', 'Lansoprazol', '2022-11-28 12:58:52'),
(159, '031-8596301-5', 'Jasmina', 'Corington', 'F', '2022-03-27', 'Karangsari', '809-045-6186', 'Amlodipina', '2022-11-28 12:58:52'),
(160, '031-8661579-1', 'Vonny', 'Cunnane', 'F', '2022-03-27', 'Yablochnyy', '809-027-1796', 'Simvastatina', '2022-11-28 12:58:52'),
(161, '031-6638653-8', 'Jo-ann', 'Plaxton', 'F', '2022-10-03', 'Mtambile', '809-185-7299', 'Atorvastatina', '2022-11-28 12:58:52'),
(162, '031-0608564-5', 'Kerwinn', 'Han', 'M', '2022-09-13', 'Västerås', '809-344-2423', 'Lansoprazol', '2022-11-28 12:58:52'),
(163, '031-9177037-3', 'Cornela', 'Saunders', 'F', '2022-08-21', 'Bila Tserkva', '809-153-0973', 'Paracetamol', '2022-11-28 12:58:52'),
(164, '031-7816158-9', 'Amby', 'Bunston', 'M', '2022-05-19', 'Futang', '809-416-9831', 'Amlodipina', '2022-11-28 12:58:52'),
(165, '031-6355534-2', 'Ketty', 'Oseland', 'F', '2022-07-29', 'Balice', '809-912-1731', '', '2022-11-28 12:58:52'),
(166, '031-9503088-3', 'Ludovika', 'Crosse', 'F', '2022-06-18', 'Sarimukti Kaler', '809-988-3778', 'Lansoprazol', '2022-11-28 12:58:53'),
(167, '031-5790750-9', 'Kelsy', 'Scramage', 'F', '2022-09-23', 'Naikolan', '809-874-8340', 'Atorvastatina', '2022-11-28 12:58:53'),
(168, '031-6911867-1', 'Modestia', 'Tupman', 'F', '2021-12-05', 'Karanggeneng', '809-436-5940', 'Atorvastatina', '2022-11-28 12:58:53'),
(169, '031-2282778-7', 'Pedro', 'Spellworth', 'M', '2022-04-17', 'Pandan Niog', '809-542-2580', 'Paracetamol', '2022-11-28 12:58:53'),
(170, '031-9992050-6', 'Cozmo', 'Iffe', 'M', '2021-12-28', 'Gumaus', '809-815-6596', 'Salbutamol', '2022-11-28 12:58:53'),
(171, '031-7298926-6', 'Emili', 'Stang-Gjertsen', 'F', '2022-05-19', 'Vilque', '809-386-2850', 'Ramipril', '2022-11-28 12:58:53'),
(172, '031-1601859-4', 'Ambur', 'Collingridge', 'F', '2022-09-18', 'Hetan', '809-906-0867', 'Lansoprazol', '2022-11-28 12:58:53'),
(173, '031-5215299-9', 'Zenia', 'Basili', 'F', '2022-06-09', 'Jianshan', '809-293-9231', 'Ramipril', '2022-11-28 12:58:53'),
(174, '031-9030600-0', 'Horatia', 'Stelljes', 'F', '2022-08-27', 'Nanshi', '809-673-8062', 'Lansoprazol', '2022-11-28 12:58:53'),
(175, '031-0586975-6', 'Ilse', 'Seacombe', 'F', '2022-09-28', 'Dong’an', '809-920-5851', 'Ramipril', '2022-11-28 12:58:53'),
(176, '031-7221132-7', 'Gardener', 'Sherewood', 'M', '2022-10-07', 'Krajan Bakalan', '809-887-0103', 'Amlodipina', '2022-11-28 12:58:53'),
(177, '031-5088949-7', 'Bernita', 'Fishly', 'F', '2022-09-08', 'Kadubetara', '809-883-3585', 'Aspirina', '2022-11-28 12:58:53'),
(178, '031-8099106-2', 'Archie', 'Waddams', 'M', '2022-07-16', 'Sallins', '809-146-3814', 'Aspirina', '2022-11-28 12:58:53'),
(179, '031-2463084-2', 'Rea', 'Tulley', 'F', '2022-01-14', 'Närpes', '809-294-7698', 'Amlodipina', '2022-11-28 12:58:53'),
(180, '031-2416736-9', 'Emmalynn', 'Oxteby', 'F', '2022-03-12', 'Descalvado', '809-688-2200', 'Omeprazol', '2022-11-28 12:58:53'),
(181, '031-8029828-0', 'Chaim', 'Kincla', 'M', '2022-03-30', 'Vatutino', '809-356-7641', '', '2022-11-28 12:58:53'),
(182, '031-7330463-2', 'Salvidor', 'Hendrichs', 'M', '2022-01-09', 'Taobei', '809-974-7149', 'Lansoprazol', '2022-11-28 12:58:53'),
(183, '031-6197625-5', 'Annmarie', 'MacSporran', 'F', '2022-03-04', 'Paracatu', '809-110-0715', 'Atorvastatina', '2022-11-28 12:58:54'),
(184, '031-7509783-3', 'Beth', 'Coners', 'F', '2022-02-09', 'Reshetnikovo', '809-465-9783', 'Atorvastatina', '2022-11-28 12:58:54'),
(185, '031-4338244-7', 'Lindsey', 'Dodsley', 'M', '2022-10-18', 'Shaxi', '809-803-7523', 'Ramipril', '2022-11-28 12:58:54'),
(186, '031-4173907-4', 'Barry', 'Whiscard', 'M', '2022-08-16', 'Ji Paraná', '809-345-0920', 'Paracetamol', '2022-11-28 12:58:54'),
(187, '031-7101162-2', 'Tobe', 'Frascone', 'M', '2022-03-03', 'Anta', '809-978-8977', 'Aspirina', '2022-11-28 12:58:54'),
(188, '031-1752068-3', 'Anselm', 'Dugue', 'M', '2022-10-19', 'Non Suwan', '809-214-0013', 'Omeprazol', '2022-11-28 12:58:54'),
(189, '031-6546739-1', 'Alfy', 'Jaycock', 'F', '2022-09-19', 'Plato', '809-573-3908', 'Omeprazol', '2022-11-28 12:58:54'),
(190, '031-9743002-7', 'Darci', 'Tharme', 'F', '2022-02-02', 'Gunung', '809-015-1963', 'Aspirina', '2022-11-28 12:58:54'),
(191, '031-2830525-4', 'Shepard', 'Blankett', 'M', '2022-07-31', 'Makurdi', '809-085-4463', 'Simvastatina', '2022-11-28 12:58:54'),
(192, '031-9145479-9', 'Esteban', 'Kavanagh', 'M', '2022-09-15', 'Hongjiazui', '809-087-3481', 'Lexotiroxina sódica', '2022-11-28 12:58:54'),
(193, '031-9458895-7', 'Maitilde', 'Hawkslee', 'F', '2022-10-17', 'Anjozorobe', '809-924-8809', 'Atorvastatina', '2022-11-28 12:58:54'),
(194, '031-5812448-7', 'Rowen', 'Sturley', 'M', '2022-10-01', '?urfeish', '809-908-7708', 'Simvastatina', '2022-11-28 12:58:54'),
(195, '031-1612048-5', 'Lesli', 'Mayow', 'F', '2022-09-02', 'Gayabaru', '809-406-0554', 'Lexotiroxina sódica', '2022-11-28 12:58:54'),
(196, '031-6770965-5', 'Kearney', 'Speers', 'M', '2021-12-03', 'Ar Ruways', '809-097-7535', 'Atorvastatina', '2022-11-28 12:58:54'),
(197, '031-4312796-6', 'Calvin', 'Tibbles', 'M', '2021-12-20', 'Kalatongke', '809-127-3478', 'Salbutamol', '2022-11-28 12:58:54'),
(198, '031-4349402-0', 'Briny', 'Bendig', 'F', '2022-07-25', 'Suqiaoxiang', '809-169-9165', 'Amlodipina', '2022-11-28 12:58:54'),
(199, '031-9769439-5', 'Rhody', 'Cerith', 'F', '2022-03-18', 'Taifu', '809-655-1206', '', '2022-11-28 12:58:54'),
(200, '031-8834643-5', 'Thomasina', 'Kneeshaw', 'F', '2022-10-18', 'Drohobych', '809-105-4390', 'Aspirina', '2022-11-28 12:58:54'),
(201, '031-3298901-5', 'Kirby', 'Olivari', 'F', '2022-03-10', 'Lunenburg', '809-331-9844', '', '2022-11-28 12:58:54'),
(202, '031-8908433-7', 'Goldi', 'Espada', 'F', '2022-01-17', 'La Luz', '809-924-1604', 'Aspirina', '2022-11-28 12:58:54'),
(203, '031-7755983-5', 'Anastassia', 'Meehan', 'F', '2021-12-12', 'Dongqianhu', '809-738-2003', 'Atorvastatina', '2022-11-28 12:58:54'),
(204, '031-5771743-3', 'Desdemona', 'Valero', 'F', '2022-11-18', 'Las Flores', '809-897-0801', 'Lansoprazol', '2022-11-28 12:58:54'),
(205, '031-4623742-0', 'Broderic', 'Screech', 'M', '2022-07-26', 'Richard-Toll', '809-308-5442', 'Paracetamol', '2022-11-28 12:58:55'),
(206, '031-3029071-9', 'Wylma', 'Platt', 'F', '2022-03-07', 'Agarsin', '809-649-1074', 'Lansoprazol', '2022-11-28 12:58:55'),
(207, '031-6506844-8', 'Chiarra', 'Conti', 'F', '2022-06-27', 'Kirove', '809-993-3437', 'Aspirina', '2022-11-28 12:58:55'),
(208, '031-6148226-3', 'Dru', 'Meconi', 'F', '2022-08-17', 'Yefremov', '809-339-4755', 'Paracetamol', '2022-11-28 12:58:55'),
(209, '031-6374049-6', 'Raf', 'Salerno', 'F', '2022-07-28', 'Rawuk', '809-184-8987', 'Atorvastatina', '2022-11-28 12:58:55'),
(210, '031-1329227-7', 'Riccardo', 'Furness', 'M', '2022-01-02', 'Manuel Antonio Mesones Muro', '809-063-4903', 'Aspirina', '2022-11-28 12:58:55'),
(211, '031-6067022-8', 'Reba', 'Casiroli', 'F', '2021-11-29', 'Las Animas', '809-912-0747', 'Simvastatina', '2022-11-28 12:58:55'),
(212, '031-2272288-3', 'Lexi', 'Sharpe', 'F', '2022-04-30', 'Guadalupe Victoria', '809-200-9386', 'Aspirina', '2022-11-28 12:58:55'),
(213, '031-6042396-4', 'Isidoro', 'Pauletto', 'M', '2021-11-29', 'Sharan', '809-651-2250', 'Lansoprazol', '2022-11-28 12:58:55'),
(214, '031-1797782-3', 'Henry', 'Biggerstaff', 'M', '2021-12-07', 'Guantang', '809-093-3356', 'Aspirina', '2022-11-28 12:58:55'),
(215, '031-9902400-1', 'Freemon', 'Cockran', 'M', '2022-03-10', 'Paôy Pêt', '809-430-9990', 'Simvastatina', '2022-11-28 12:58:55'),
(216, '031-7226892-5', 'Red', 'McGoldrick', 'M', '2022-03-27', 'Villeneuve-lès-Avignon', '809-959-6990', '', '2022-11-28 12:58:56'),
(217, '031-0505982-9', 'Aubree', 'Hallifax', 'F', '2022-06-28', 'Aianí', '809-776-4206', 'Lansoprazol', '2022-11-28 12:58:56'),
(218, '031-3518060-5', 'Elli', 'Curgenuer', 'F', '2022-09-28', 'Khorram?b?d', '809-058-9814', '', '2022-11-28 12:58:56'),
(219, '031-9339864-5', 'Ario', 'Catherall', 'M', '2022-06-27', 'Nowshera', '809-787-4564', 'Simvastatina', '2022-11-28 12:58:56'),
(220, '031-4069975-6', 'Chiquia', 'Tickel', 'F', '2022-07-24', 'Alderetes', '809-295-4118', 'Paracetamol', '2022-11-28 12:58:57'),
(221, '031-4786412-3', 'Dot', 'Jindrak', 'F', '2022-08-09', 'Glyadyanskoye', '809-941-2209', 'Paracetamol', '2022-11-28 12:58:57'),
(222, '031-3248133-2', 'Byrom', 'Konke', 'M', '2022-01-06', 'Pergan', '809-373-9566', 'Lexotiroxina sódica', '2022-11-28 12:58:57'),
(223, '031-1042307-3', 'Belita', 'Silson', 'F', '2022-05-23', 'Santa Cruz do Sul', '809-206-8532', 'Salbutamol', '2022-11-28 12:58:57'),
(224, '031-3147316-7', 'Lefty', 'De Rechter', 'M', '2022-06-21', 'Wamba', '809-397-5412', 'Paracetamol', '2022-11-28 12:58:57'),
(225, '031-7095298-7', 'Clementine', 'Howood', 'F', '2022-08-09', 'Mâcon', '809-944-6137', 'Lansoprazol', '2022-11-28 12:58:58'),
(226, '031-4785217-0', 'Kaitlin', 'Wisniowski', 'F', '2022-01-29', 'Almolonga', '809-788-7465', 'Salbutamol', '2022-11-28 12:58:58'),
(227, '031-4908849-0', 'Dacy', 'Betonia', 'F', '2022-01-14', 'Al ‘Ulá', '809-959-4312', 'Atorvastatina', '2022-11-28 12:58:58'),
(228, '031-6267344-4', 'Constanta', 'Orrey', 'F', '2022-05-26', 'Tengqiao', '809-847-2302', 'Lexotiroxina sódica', '2022-11-28 12:58:58'),
(229, '031-1167788-0', 'Beryl', 'St. Paul', 'F', '2022-01-20', 'Moshkovo', '809-379-2232', 'Amlodipina', '2022-11-28 12:58:58'),
(230, '031-5231335-6', 'Matty', 'Aubrey', 'M', '2022-11-06', 'Norton', '809-346-6043', 'Omeprazol', '2022-11-28 12:58:58'),
(231, '031-4772210-3', 'Bordie', 'Cereceres', 'M', '2022-09-05', 'Jetafe', '809-377-6963', 'Paracetamol', '2022-11-28 12:58:58'),
(232, '031-2394722-7', 'Phillipe', 'Scogings', 'M', '2022-10-06', 'Illéla', '809-091-6021', 'Ramipril', '2022-11-28 12:58:58'),
(233, '031-6404739-0', 'Meris', 'Forty', 'F', '2022-03-10', 'Koreiz', '809-587-6514', 'Ramipril', '2022-11-28 12:58:58'),
(234, '031-7203800-6', 'Egon', 'Verbruggen', 'M', '2021-12-20', 'Komletinci', '809-274-5692', 'Ramipril', '2022-11-28 12:58:58'),
(235, '031-1036247-0', 'Agata', 'Sprowell', 'F', '2022-09-27', 'Shirb?n', '809-705-0370', 'Atorvastatina', '2022-11-28 12:58:58'),
(236, '031-8556547-9', 'Fionna', 'Murrthum', 'F', '2022-04-12', 'Coulommiers', '809-216-3076', 'Atorvastatina', '2022-11-28 12:58:58'),
(237, '031-3257669-8', 'Hayley', 'Tanzig', 'F', '2022-11-05', 'Bartolomé Masó', '809-966-6877', 'Omeprazol', '2022-11-28 12:58:58'),
(238, '031-4800555-0', 'Vivienne', 'Cathcart', 'F', '2022-08-16', 'Foumbot', '809-518-4088', 'Ramipril', '2022-11-28 12:58:58'),
(239, '031-4764099-0', 'Lalo', 'Smedmoor', 'M', '2022-02-15', 'Almeirim', '809-355-1045', 'Aspirina', '2022-11-28 12:58:58'),
(240, '031-7606475-5', 'Hamnet', 'Putt', 'M', '2022-04-19', 'Nempel', '809-438-6678', 'Ramipril', '2022-11-28 12:58:58'),
(241, '031-7025958-3', 'Perri', 'Haestier', 'F', '2022-10-15', 'Za‘tarah', '809-089-8035', 'Salbutamol', '2022-11-28 12:58:58'),
(242, '031-1275982-4', 'Jesse', 'Bricksey', 'M', '2022-02-16', 'San Vicente', '809-645-6356', 'Paracetamol', '2022-11-28 12:58:58'),
(243, '031-8303215-4', 'Winn', 'Irving', 'M', '2022-06-01', 'Yaxi', '809-617-9578', 'Simvastatina', '2022-11-28 12:58:59'),
(244, '031-0411068-7', 'Melvyn', 'Ringwood', 'M', '2022-07-08', 'San Francisco', '809-401-4319', '', '2022-11-28 12:58:59'),
(245, '031-7558917-1', 'Valene', 'Deller', 'F', '2022-03-15', 'Fatualam', '809-653-0008', 'Amlodipina', '2022-11-28 12:58:59'),
(246, '031-8766867-8', 'Celisse', 'Riseam', 'F', '2022-10-18', 'Mangarine', '809-387-4750', 'Omeprazol', '2022-11-28 12:58:59'),
(247, '031-9404985-0', 'Marcellus', 'West', 'M', '2022-10-14', 'Kristianstad', '809-040-4247', 'Ramipril', '2022-11-28 12:58:59'),
(248, '031-3817435-8', 'Bertrand', 'Inderwick', 'M', '2022-04-26', 'Hatogaya-honch?', '809-733-8708', 'Lansoprazol', '2022-11-28 12:58:59'),
(249, '031-4052934-9', 'Joana', 'Sawley', 'F', '2022-07-03', 'Banjar Laing', '809-603-2334', 'Ramipril', '2022-11-28 12:58:59'),
(250, '031-4934413-5', 'Normand', 'Gowenlock', 'M', '2022-07-18', 'Amarillo', '809-480-5388', 'Atorvastatina', '2022-11-28 12:58:59'),
(251, '031-7385782-2', 'Onfroi', 'Bayfield', 'M', '2022-06-08', 'Alfenas', '809-825-2236', 'Omeprazol', '2022-11-28 12:58:59'),
(252, '031-3112669-0', 'Rolando', 'Fancourt', 'M', '2022-05-03', 'Cimrutu', '809-006-7992', 'Amlodipina', '2022-11-28 12:58:59'),
(253, '031-3762610-7', 'Lorena', 'Cunnane', 'F', '2022-01-30', 'Yawata', '809-328-8804', '', '2022-11-28 12:58:59'),
(254, '031-8221022-9', 'Alfie', 'Broadfoot', 'F', '2022-09-16', 'Cruzeiro do Oeste', '809-559-0987', 'Lansoprazol', '2022-11-28 12:58:59'),
(255, '031-8241566-1', 'Joseph', 'Bennough', 'M', '2021-12-29', 'Talashkino', '809-661-2576', 'Simvastatina', '2022-11-28 12:58:59'),
(256, '031-7910974-8', 'Alasteir', 'Vanetti', 'M', '2022-04-12', 'Kaliterus', '809-400-7002', 'Atorvastatina', '2022-11-28 12:58:59'),
(257, '031-8719422-4', 'Lane', 'Zink', 'M', '2022-04-21', 'Al Mazra‘ah', '809-480-7168', 'Lansoprazol', '2022-11-28 12:58:59'),
(258, '031-5317903-1', 'Kessia', 'Windrus', 'F', '2022-05-02', 'Daigo', '809-509-2588', 'Aspirina', '2022-11-28 12:59:00'),
(259, '031-4344952-0', 'Verna', 'Atyea', 'F', '2022-05-16', 'Ibicaraí', '809-154-7484', 'Amlodipina', '2022-11-28 12:59:00'),
(260, '031-5961184-4', 'Amos', 'Smerdon', 'M', '2022-05-15', 'Hebu', '809-355-0067', '', '2022-11-28 12:59:00'),
(261, '031-0008027-6', 'Morley', 'Durkin', 'M', '2021-12-25', 'Raszowa', '809-345-2292', 'Paracetamol', '2022-11-28 12:59:00'),
(262, '031-0102316-8', 'Quintina', 'Castellan', 'F', '2022-06-08', 'Viale', '809-060-9563', 'Omeprazol', '2022-11-28 12:59:00'),
(263, '031-0089746-8', 'Josias', 'Bradlaugh', 'M', '2022-07-25', 'Stará Hu?', '809-493-8984', 'Lansoprazol', '2022-11-28 12:59:00'),
(264, '031-7888943-8', 'Marcellus', 'Hannigane', 'M', '2022-11-19', 'Kasempa', '809-105-2170', 'Lansoprazol', '2022-11-28 12:59:00'),
(265, '031-8347828-4', 'Pierrette', 'Cancelier', 'F', '2021-11-23', 'Aguilar', '809-466-9329', 'Aspirina', '2022-11-28 12:59:00'),
(266, '031-0866880-4', 'Krista', 'Shoorbrooke', 'F', '2022-11-16', 'Campo Verde', '809-636-6986', 'Paracetamol', '2022-11-28 12:59:00'),
(267, '031-0077844-5', 'Frankie', 'Lorek', 'M', '2022-10-27', 'Klenak', '809-929-7942', 'Lexotiroxina sódica', '2022-11-28 12:59:00'),
(268, '031-3482528-7', 'Siusan', 'Britcher', 'F', '2022-04-24', 'Yefremov', '809-423-0474', 'Salbutamol', '2022-11-28 12:59:00'),
(269, '031-2380267-1', 'Loreen', 'Marsters', 'F', '2022-07-26', 'Nova Olímpia', '809-595-5551', 'Salbutamol', '2022-11-28 12:59:00'),
(270, '031-4624441-4', 'Allyn', 'Faire', 'M', '2021-12-21', 'Paka', '809-547-2486', 'Amlodipina', '2022-11-28 12:59:00'),
(271, '031-5587201-5', 'Sapphire', 'Dingsdale', 'F', '2022-03-03', 'Bomadi', '809-699-3833', 'Atorvastatina', '2022-11-28 12:59:00'),
(272, '031-2689543-9', 'Parker', 'Flannery', 'M', '2022-07-07', 'El Hajeb', '809-691-8834', '', '2022-11-28 12:59:00'),
(273, '031-7922993-9', 'Michel', 'Atkyns', 'F', '2022-03-28', 'Fengdian', '809-241-9987', 'Ramipril', '2022-11-28 12:59:00'),
(274, '031-9406860-9', 'Craggie', 'Colhoun', 'M', '2022-03-12', 'Hupalivka', '809-602-4953', 'Amlodipina', '2022-11-28 12:59:00'),
(275, '031-8297062-1', 'Nikki', 'Forestel', 'F', '2021-11-30', 'Xianning', '809-021-7665', 'Omeprazol', '2022-11-28 12:59:01'),
(276, '031-5818202-3', 'Drew', 'Sole', 'M', '2022-04-27', 'Tabuating', '809-215-2545', 'Atorvastatina', '2022-11-28 12:59:01'),
(277, '031-5700544-4', 'Cordelia', 'Tunnick', 'F', '2022-01-27', 'Velká Dobrá', '809-362-8729', 'Aspirina', '2022-11-28 12:59:01'),
(278, '031-4865293-8', 'Elbert', 'Lovett', 'M', '2021-12-09', 'Barubandung', '809-565-5004', 'Amlodipina', '2022-11-28 12:59:01'),
(279, '031-4845360-1', 'Nevin', 'Morfett', 'M', '2022-10-12', 'Tiepu', '809-822-7116', 'Paracetamol', '2022-11-28 12:59:01'),
(280, '031-5832592-8', 'Anissa', 'Shrieve', 'F', '2022-05-25', 'Jingyao', '809-797-8183', '', '2022-11-28 12:59:01'),
(281, '031-4498088-5', 'Lucine', 'Gamett', 'F', '2022-10-31', 'Fazenda de Santa Cruz', '809-362-9150', '', '2022-11-28 12:59:01'),
(282, '031-7189887-5', 'Jeanelle', 'Symons', 'F', '2022-02-19', 'Douma', '809-640-9981', '', '2022-11-28 12:59:01'),
(283, '031-8503352-6', 'Casey', 'Jakel', 'M', '2022-03-21', 'Loma Alta', '809-603-7259', '', '2022-11-28 12:59:01'),
(284, '031-4704486-5', 'Shane', 'Lorrie', 'M', '2022-10-25', 'Komprachcice', '809-185-7237', 'Ramipril', '2022-11-28 12:59:01'),
(285, '031-2254019-8', 'Rebecka', 'Tout', 'F', '2022-07-30', 'Ostrowite', '809-112-9607', 'Lansoprazol', '2022-11-28 12:59:01'),
(286, '031-8743413-5', 'Kip', 'Perks', 'M', '2022-10-17', 'Qinlan', '809-811-2446', 'Ramipril', '2022-11-28 12:59:01'),
(287, '031-2685021-1', 'Virginia', 'Henrichsen', 'F', '2022-05-17', 'Lianhe', '809-722-7107', 'Ramipril', '2022-11-28 12:59:01'),
(288, '031-3998554-4', 'Blythe', 'Lernihan', 'F', '2022-02-11', '?tawara', '809-796-6174', 'Simvastatina', '2022-11-28 12:59:01'),
(289, '031-7828799-8', 'Yard', 'Leftbridge', 'M', '2022-10-08', 'Tangga', '809-232-1762', 'Lansoprazol', '2022-11-28 12:59:01'),
(290, '031-9609103-2', 'Stanley', 'Brookbank', 'M', '2021-11-29', 'Río Sereno', '809-800-0994', 'Simvastatina', '2022-11-28 12:59:01'),
(291, '031-0133194-7', 'Pepita', 'Buckbee', 'F', '2022-08-18', 'Delicias', '809-521-2824', 'Lexotiroxina sódica', '2022-11-28 12:59:01'),
(292, '031-9344311-5', 'Llewellyn', 'Piburn', 'M', '2022-04-08', 'Genengan Kulon', '809-546-5102', 'Lansoprazol', '2022-11-28 12:59:01'),
(293, '031-8333848-6', 'Rafi', 'Gowthorpe', 'M', '2022-03-04', 'Xiaoya', '809-850-1104', 'Salbutamol', '2022-11-28 12:59:01'),
(294, '031-1300757-9', 'Gennifer', 'Chucks', 'F', '2022-05-04', 'Cibeureum', '809-370-9833', 'Aspirina', '2022-11-28 12:59:01'),
(295, '031-8777133-1', 'Meghann', 'Ditchfield', 'F', '2022-01-22', 'Yuhuang', '809-544-7253', 'Lansoprazol', '2022-11-28 12:59:01'),
(296, '031-0814185-8', 'Halli', 'Ferencowicz', 'F', '2022-05-07', 'Jishi', '809-073-0700', 'Salbutamol', '2022-11-28 12:59:02'),
(297, '031-2999853-4', 'Herta', 'Vanetti', 'F', '2022-02-15', 'Planeta Rica', '809-885-2413', 'Paracetamol', '2022-11-28 12:59:02'),
(298, '031-1765949-5', 'Mayne', 'Laden', 'M', '2022-02-24', 'Wangmang', '809-303-1417', '', '2022-11-28 12:59:02'),
(299, '031-2437253-7', 'Vidovic', 'Ropkes', 'M', '2022-05-18', 'El Paso', '809-763-1803', 'Lexotiroxina sódica', '2022-11-28 12:59:02'),
(300, '031-3014629-7', 'Bartlett', 'Trussell', 'M', '2021-12-14', 'Abade de Vermoim', '809-555-7074', 'Paracetamol', '2022-11-28 12:59:02'),
(301, '031-6700323-2', 'Vanna', 'Nethercott', 'F', '2022-02-06', 'Salto', '809-583-6696', 'Salbutamol', '2022-11-28 12:59:02'),
(302, '031-2382639-1', 'Cookie', 'Makepeace', 'F', '2022-04-30', 'Novo Hamburgo', '809-813-1387', 'Salbutamol', '2022-11-28 12:59:02'),
(303, '031-1019911-1', 'Gherardo', 'Luthwood', 'M', '2022-06-30', 'Qu?n Phu? Nhuâ?n', '809-084-9195', 'Aspirina', '2022-11-28 12:59:02'),
(304, '031-8211531-1', 'Ev', 'Sillick', 'M', '2022-07-25', 'Blawi', '809-710-8201', 'Amlodipina', '2022-11-28 12:59:02'),
(305, '031-9958917-4', 'Kirstyn', 'Drissell', 'F', '2022-06-28', 'Sakaiminato', '809-433-9109', 'Atorvastatina', '2022-11-28 12:59:02'),
(306, '031-7698478-6', 'Wolfie', 'Akker', 'M', '2022-09-10', 'Anserma', '809-594-4794', 'Omeprazol', '2022-11-28 12:59:02'),
(307, '031-7312946-0', 'Celinka', 'Downage', 'F', '2022-08-12', 'Ambato Boeny', '809-727-1029', 'Salbutamol', '2022-11-28 12:59:02'),
(308, '031-5305337-0', 'Lorne', 'Cowe', 'F', '2022-06-28', 'Librazhd-Qendër', '809-598-0929', 'Omeprazol', '2022-11-28 12:59:02'),
(309, '031-4309754-8', 'Hastings', 'Nutman', 'M', '2022-08-02', 'Jinan-gun', '809-193-7844', 'Simvastatina', '2022-11-28 12:59:02'),
(310, '031-9163850-2', 'Marcella', 'MacIllrick', 'F', '2022-08-04', 'Doudleby nad Orlicí', '809-980-4762', '', '2022-11-28 12:59:02'),
(311, '031-4456067-8', 'Trixie', 'Hing', 'F', '2022-10-13', 'Apuri', '809-340-0142', 'Simvastatina', '2022-11-28 12:59:02'),
(312, '031-0480444-3', 'Rolfe', 'Lovemore', 'M', '2022-10-17', 'Bitaogan', '809-543-1448', 'Paracetamol', '2022-11-28 12:59:02'),
(313, '031-8364360-4', 'Elene', 'Grzes', 'F', '2022-11-03', 'Dimitrovgrad', '809-972-3333', 'Omeprazol', '2022-11-28 12:59:03'),
(314, '031-2207859-0', 'Kilian', 'Maryman', 'M', '2022-10-07', 'Trzciana', '809-774-7007', 'Omeprazol', '2022-11-28 12:59:03'),
(315, '031-8921138-5', 'Ad', 'Petley', 'M', '2022-01-23', 'Guadalupe Victoria', '809-732-1085', 'Atorvastatina', '2022-11-28 12:59:03'),
(316, '031-4286088-8', 'Murdock', 'Henrys', 'M', '2022-07-12', 'Burgersfort', '809-827-8269', 'Simvastatina', '2022-11-28 12:59:03'),
(317, '031-4751783-3', 'Land', 'Petrozzi', 'M', '2022-08-10', 'Lyalichi', '809-637-7423', 'Salbutamol', '2022-11-28 12:59:03'),
(318, '031-0740405-5', 'Philomena', 'Malatalant', 'F', '2022-08-09', 'Seshcha', '809-188-1301', 'Atorvastatina', '2022-11-28 12:59:03'),
(319, '031-9670056-7', 'Kelvin', 'Brahmer', 'M', '2022-01-08', 'Jetis', '809-787-3825', 'Ramipril', '2022-11-28 12:59:03'),
(320, '031-8251894-0', 'Cathi', 'Nix', 'F', '2022-06-23', 'Chalu', '809-103-0330', 'Amlodipina', '2022-11-28 12:59:03'),
(321, '031-9209345-8', 'Kalie', 'Bartosik', 'F', '2022-04-12', 'Mangkon Daja', '809-383-3013', 'Lansoprazol', '2022-11-28 12:59:03'),
(322, '031-3160348-7', 'Peyter', 'Libby', 'M', '2022-06-25', 'Söderhamn', '809-684-3907', 'Atorvastatina', '2022-11-28 12:59:03'),
(323, '031-8099490-4', 'Anthiathia', 'Chaman', 'F', '2022-06-21', 'Ko Samui', '809-055-9002', 'Simvastatina', '2022-11-28 12:59:03'),
(324, '031-4802973-7', 'Salvatore', 'Tanzer', 'M', '2022-10-21', 'Vladivostok', '809-232-7296', 'Omeprazol', '2022-11-28 12:59:03'),
(325, '031-1848829-8', 'Sheffy', 'Stappard', 'M', '2022-09-27', 'Quinarayan', '809-458-9960', 'Lexotiroxina sódica', '2022-11-28 12:59:03'),
(326, '031-4926676-5', 'Pernell', 'Collyear', 'M', '2022-01-23', 'Rancanyenang', '809-148-5096', 'Lexotiroxina sódica', '2022-11-28 12:59:03'),
(327, '031-4698710-2', 'Fredericka', 'Playford', 'F', '2022-05-30', 'Puerto Rico', '809-022-3050', 'Paracetamol', '2022-11-28 12:59:03'),
(328, '031-8673316-4', 'Ethelind', 'Holtaway', 'F', '2022-10-11', 'Bayanbulag', '809-577-0680', 'Paracetamol', '2022-11-28 12:59:03'),
(329, '031-1896257-0', 'Sonnnie', 'Jessen', 'F', '2022-02-06', 'Weizheng', '809-400-6659', 'Amlodipina', '2022-11-28 12:59:03'),
(330, '031-6704342-8', 'Idalia', 'Lamba', 'F', '2022-05-12', '28 de Noviembre', '809-094-2002', 'Amlodipina', '2022-11-28 12:59:03'),
(331, '031-8542213-5', 'Newton', 'Foss', 'M', '2022-09-04', 'Kabare', '809-814-2836', 'Atorvastatina', '2022-11-28 12:59:03'),
(332, '031-7712951-5', 'Dorothy', 'Guerola', 'F', '2022-01-11', 'Karlskrona', '809-435-8305', 'Simvastatina', '2022-11-28 12:59:04'),
(333, '031-1904364-5', 'Denis', 'Doel', 'M', '2022-01-10', 'Nggesa', '809-678-9089', 'Simvastatina', '2022-11-28 12:59:04'),
(334, '031-7656957-4', 'Rosemaria', 'Lago', 'F', '2021-12-30', 'Blang Dalam', '809-306-4712', 'Simvastatina', '2022-11-28 12:59:04'),
(335, '031-8157857-7', 'Sandro', 'Aizikowitz', 'M', '2022-06-05', 'Da’anshan', '809-163-9426', 'Ramipril', '2022-11-28 12:59:04'),
(336, '031-6016992-0', 'Jerrie', 'Geldert', 'F', '2021-12-17', 'Mikhaylovskoye', '809-073-6316', 'Amlodipina', '2022-11-28 12:59:04'),
(337, '031-3728230-2', 'Corette', 'Byrth', 'F', '2022-07-20', 'Czerniewice', '809-218-3306', 'Lexotiroxina sódica', '2022-11-28 12:59:04'),
(338, '031-2891805-1', 'Shaw', 'Hark', 'M', '2022-09-28', 'Lebak', '809-777-1173', 'Atorvastatina', '2022-11-28 12:59:04'),
(339, '031-9376240-5', 'Ernest', 'Curless', 'M', '2022-11-08', 'Aguilares', '809-098-9418', 'Lansoprazol', '2022-11-28 12:59:04'),
(340, '031-9874873-2', 'Terrijo', 'Iddon', 'F', '2022-06-27', 'Borovskoy', '809-051-2418', 'Salbutamol', '2022-11-28 12:59:04'),
(341, '031-1699447-6', 'Bartlett', 'Durrell', 'M', '2022-08-26', 'Bayuwan', '809-532-9624', 'Paracetamol', '2022-11-28 12:59:04'),
(342, '031-7120868-5', 'Bronny', 'Grishmanov', 'M', '2021-11-23', 'Chenggang', '809-567-5619', 'Paracetamol', '2022-11-28 12:59:04'),
(343, '031-1395185-0', 'Nani', 'Tame', 'F', '2022-10-05', 'Cape Town', '809-585-9092', 'Ramipril', '2022-11-28 12:59:04'),
(344, '031-9695427-5', 'Vicki', 'Luchelli', 'F', '2022-05-06', 'Segezha', '809-890-8164', '', '2022-11-28 12:59:04'),
(345, '031-2056265-4', 'Margaretta', 'Chisholme', 'F', '2022-01-02', 'Béthune', '809-194-4352', 'Atorvastatina', '2022-11-28 12:59:04'),
(346, '031-3404293-4', 'Merrie', 'Bartalot', 'F', '2022-05-07', 'Fort Worth', '809-267-4442', 'Atorvastatina', '2022-11-28 12:59:04'),
(347, '031-4986520-3', 'Jud', 'Ead', 'M', '2022-01-01', 'Karagay', '809-521-9819', 'Amlodipina', '2022-11-28 12:59:04'),
(348, '031-0743773-6', 'Willem', 'Corsham', 'M', '2022-09-12', 'Naranjos', '809-572-4431', 'Lexotiroxina sódica', '2022-11-28 12:59:04'),
(349, '031-5055742-8', 'Lynn', 'Kornyshev', 'M', '2022-08-10', 'Poxin', '809-562-5990', 'Lansoprazol', '2022-11-28 12:59:04'),
(350, '031-3912416-0', 'Erastus', 'Vassie', 'M', '2021-12-22', 'Liješnica', '809-468-4768', 'Simvastatina', '2022-11-28 12:59:04'),
(351, '031-5555895-5', 'Paddie', 'Zukierman', 'M', '2021-12-20', 'Presidente Dutra', '809-213-0300', 'Lexotiroxina sódica', '2022-11-28 12:59:04'),
(352, '031-1989061-2', 'Belvia', 'Yanuk', 'F', '2022-11-02', 'Buôn Tr?p', '809-857-5672', 'Ramipril', '2022-11-28 12:59:05'),
(353, '031-7533462-4', 'Dasie', 'Toseland', 'F', '2022-10-12', 'Qi’an', '809-225-8714', 'Atorvastatina', '2022-11-28 12:59:05'),
(354, '031-4150828-9', 'Jemie', 'Ratnage', 'F', '2022-09-28', 'Venëv', '809-464-3520', 'Atorvastatina', '2022-11-28 12:59:05'),
(355, '031-3234301-0', 'Ross', 'Mannie', 'M', '2021-12-13', 'Hac?hüseynli', '809-839-6164', '', '2022-11-28 12:59:05'),
(356, '031-8734134-9', 'Raddy', 'Gaytor', 'M', '2022-09-11', 'Hankha', '809-994-2819', 'Salbutamol', '2022-11-28 12:59:05'),
(357, '031-1163976-9', 'Eugenia', 'Rigge', 'F', '2022-02-26', 'Huaxian', '809-682-5727', 'Lexotiroxina sódica', '2022-11-28 12:59:05'),
(358, '031-5623013-7', 'Hymie', 'Oldnall', 'M', '2021-12-07', 'Jinsheng', '809-931-8702', 'Ramipril', '2022-11-28 12:59:05'),
(359, '031-6143959-0', 'Ivar', 'Annell', 'M', '2022-02-18', 'San Rafael', '809-181-9735', 'Atorvastatina', '2022-11-28 12:59:05'),
(360, '031-6788194-5', 'Danie', 'Fulford', 'M', '2022-07-30', 'Xiuyu', '809-993-7013', 'Ramipril', '2022-11-28 12:59:05'),
(361, '031-8947650-8', 'Horatia', 'Morrallee', 'F', '2022-10-14', 'Miratejo', '809-448-9455', 'Ramipril', '2022-11-28 12:59:05'),
(362, '031-5169739-1', 'Lynn', 'Scourgie', 'F', '2022-07-09', 'Chikan', '809-786-6155', 'Salbutamol', '2022-11-28 12:59:05'),
(363, '031-8725824-9', 'Mikey', 'Sellstrom', 'M', '2022-06-11', 'Sundsvall', '809-799-1582', 'Lexotiroxina sódica', '2022-11-28 12:59:05'),
(364, '031-9301653-7', 'Fernando', 'Wiggington', 'M', '2022-01-26', 'Pato-o', '809-097-2405', 'Atorvastatina', '2022-11-28 12:59:05'),
(365, '031-1311939-2', 'Torin', 'Shellshear', 'M', '2022-10-26', 'Chengzi', '809-350-9488', 'Amlodipina', '2022-11-28 12:59:05'),
(366, '031-9623126-6', 'Avictor', 'Janusz', 'M', '2022-05-13', 'Aianí', '809-986-2433', 'Omeprazol', '2022-11-28 12:59:05'),
(367, '031-2596413-8', 'Clarabelle', 'Brumfield', 'F', '2022-08-31', 'Bakaran Kulon', '809-948-0367', 'Ramipril', '2022-11-28 12:59:06'),
(368, '031-3174364-0', 'Isador', 'Gypson', 'M', '2022-09-29', 'Synevyr', '809-758-7801', 'Aspirina', '2022-11-28 12:59:06'),
(369, '031-2196775-7', 'Lucien', 'Reveland', 'M', '2021-12-14', 'Mahuta', '809-910-0924', 'Atorvastatina', '2022-11-28 12:59:06'),
(370, '031-8851587-9', 'Reinald', 'Boules', 'M', '2022-01-09', 'Besançon', '809-759-6568', '', '2022-11-28 12:59:06'),
(371, '031-8719608-5', 'Annadiane', 'Ireland', 'F', '2022-10-01', 'Legok', '809-862-1411', '', '2022-11-28 12:59:06'),
(372, '031-9910959-7', 'Ringo', 'Lead', 'M', '2022-02-01', 'Karangbungur', '809-772-2323', 'Lexotiroxina sódica', '2022-11-28 12:59:06'),
(373, '031-7094463-3', 'Renault', 'Dragge', 'M', '2022-01-03', 'Ekerö', '809-428-1506', 'Amlodipina', '2022-11-28 12:59:06'),
(374, '031-1200306-0', 'Susanetta', 'Pilgrim', 'F', '2022-01-19', 'Nangakeo', '809-671-9722', 'Ramipril', '2022-11-28 12:59:06'),
(375, '031-0616104-1', 'Linette', 'Tomson', 'F', '2022-02-15', 'Daytona Beach', '809-767-0362', '', '2022-11-28 12:59:06'),
(376, '031-3874517-2', 'Odette', 'Casini', 'F', '2022-09-10', 'Chaparral', '809-575-1265', 'Simvastatina', '2022-11-28 12:59:06'),
(377, '031-4168369-2', 'Hugibert', 'Nelsen', 'M', '2022-05-17', 'San Nicolas', '809-631-9295', 'Amlodipina', '2022-11-28 12:59:06'),
(378, '031-6312865-8', 'Klara', 'Plewes', 'F', '2022-06-10', 'Ipoh', '809-959-3059', 'Omeprazol', '2022-11-28 12:59:06'),
(379, '031-5187515-0', 'Kirsten', 'Rawne', 'F', '2022-09-03', 'Ishurdi', '809-974-8879', 'Atorvastatina', '2022-11-28 12:59:06'),
(380, '031-0327178-2', 'Kary', 'Voysey', 'F', '2022-01-30', 'Kaka', '809-465-1959', 'Amlodipina', '2022-11-28 12:59:06'),
(381, '031-1456622-5', 'Avery', 'Corrin', 'M', '2021-12-09', 'Gading', '809-116-3077', 'Amlodipina', '2022-11-28 12:59:06'),
(382, '031-2992521-8', 'Jessie', 'Giacovetti', 'M', '2021-12-25', 'Mantampay', '809-043-1412', 'Aspirina', '2022-11-28 12:59:07'),
(383, '031-5793307-0', 'Reagan', 'Darnbrook', 'M', '2022-05-09', 'Heshui', '809-619-3097', '', '2022-11-28 12:59:07'),
(384, '031-3941715-9', 'Erma', 'Kiddle', 'F', '2022-03-29', 'Metchosin', '809-936-1471', 'Paracetamol', '2022-11-28 12:59:07'),
(385, '031-7407395-7', 'Lalo', 'Liepmann', 'M', '2022-07-13', 'Santa Justina', '809-725-8307', 'Omeprazol', '2022-11-28 12:59:07'),
(386, '031-6415126-3', 'Merridie', 'Metzke', 'F', '2021-11-27', 'Saint-Jean-de-Monts', '809-293-8264', 'Lexotiroxina sódica', '2022-11-28 12:59:07'),
(387, '031-6761586-2', 'Fredi', 'Kyrkeman', 'F', '2022-06-23', 'Xikou', '809-701-0808', '', '2022-11-28 12:59:07'),
(388, '031-4382024-5', 'Gardner', 'Jery', 'M', '2022-10-10', 'Kunyang', '809-054-8530', '', '2022-11-28 12:59:07'),
(389, '031-0090182-1', 'Wynn', 'Cocher', 'F', '2022-04-07', 'Cam Lâm', '809-877-1190', 'Paracetamol', '2022-11-28 12:59:07'),
(390, '031-3658062-1', 'Hubert', 'Cypler', 'M', '2022-02-02', 'Los Charrúas', '809-505-8160', 'Lexotiroxina sódica', '2022-11-28 12:59:07'),
(391, '031-3739793-0', 'Spence', 'Marrill', 'M', '2022-08-05', 'Parychy', '809-760-2896', 'Atorvastatina', '2022-11-28 12:59:07');
INSERT INTO `pacientes` (`ID_Paciente`, `Cedula`, `Nombre_Paciente`, `Apellido_Paciente`, `Genero`, `Fecha_Nac`, `Direccion`, `Telefono`, `Alergias`, `Creado_En`) VALUES
(392, '031-9684391-6', 'Jeanelle', 'Chatres', 'F', '2021-11-28', 'Tierp', '809-776-9562', 'Ramipril', '2022-11-28 12:59:07'),
(393, '031-0060993-4', 'Karalee', 'Launchbury', 'F', '2022-09-20', 'São Roque', '809-654-6472', '', '2022-11-28 12:59:07'),
(394, '031-5231816-0', 'Monika', 'Farlambe', 'F', '2022-10-31', 'Shazhou', '809-066-1750', 'Omeprazol', '2022-11-28 12:59:07'),
(395, '031-2616434-3', 'Worden', 'Kaemena', 'M', '2022-07-11', 'Kende', '809-366-7902', 'Amlodipina', '2022-11-28 12:59:07'),
(396, '031-5434941-8', 'Alidia', 'Hanalan', 'F', '2022-04-27', 'Ajaccio', '809-941-1169', 'Lexotiroxina sódica', '2022-11-28 12:59:07'),
(397, '031-1354416-3', 'Sheffield', 'O\'Riordan', 'M', '2022-08-10', 'Lankaran', '809-510-5728', 'Amlodipina', '2022-11-28 12:59:07'),
(398, '031-2755373-5', 'Ollie', 'Prophet', 'F', '2022-04-25', 'Loreto', '809-823-5208', 'Lexotiroxina sódica', '2022-11-28 12:59:07'),
(399, '031-2468688-6', 'Bryn', 'Kirkbride', 'M', '2022-02-26', 'Ohrid', '809-488-8730', 'Omeprazol', '2022-11-28 12:59:07'),
(400, '031-7168579-2', 'Ariela', 'Guiraud', 'F', '2022-07-12', 'Hualin', '809-860-2358', 'Amlodipina', '2022-11-28 12:59:07'),
(401, '031-7012212-8', 'Zonda', 'Seath', 'F', '2022-03-11', 'Quvasoy', '809-560-4763', 'Aspirina', '2022-11-28 12:59:08'),
(402, '031-6978490-0', 'Demetre', 'Raspin', 'M', '2022-11-02', 'Des?', '809-708-5661', 'Lexotiroxina sódica', '2022-11-28 12:59:08'),
(403, '031-5620454-6', 'Stephani', 'Gatheral', 'F', '2022-04-13', 'Novopokrovskaya', '809-998-0636', 'Paracetamol', '2022-11-28 12:59:08'),
(404, '031-4373634-5', 'Billy', 'Pavlovic', 'F', '2022-10-05', '?? T?h', '809-519-8670', 'Simvastatina', '2022-11-28 12:59:08'),
(405, '031-3435751-6', 'Germaine', 'Tulk', 'F', '2022-06-28', 'Urdaneta', '809-228-5231', 'Lansoprazol', '2022-11-28 12:59:08'),
(406, '031-8024389-3', 'Sherlock', 'Jeffes', 'M', '2022-10-05', 'Ourense', '809-670-5990', 'Lexotiroxina sódica', '2022-11-28 12:59:08'),
(407, '031-4697620-4', 'Noel', 'Pennacci', 'F', '2022-06-04', 'Oliver', '809-008-6646', 'Aspirina', '2022-11-28 12:59:08'),
(408, '031-7164897-5', 'Leeanne', 'Rief', 'F', '2022-09-10', 'Ngancar', '809-422-6020', 'Salbutamol', '2022-11-28 12:59:08'),
(409, '031-7544011-9', 'Crissie', 'Bredes', 'F', '2022-11-21', 'Tanjungpecinan Utara', '809-646-9409', 'Paracetamol', '2022-11-28 12:59:08'),
(410, '031-1284012-6', 'Jaclin', 'ducarme', 'F', '2022-04-28', 'Tver', '809-755-1221', 'Salbutamol', '2022-11-28 12:59:08'),
(411, '031-8847024-0', 'Warren', 'Tomasini', 'M', '2022-01-08', 'Glan', '809-246-6243', '', '2022-11-28 12:59:08'),
(412, '031-9399611-8', 'Fallon', 'Mardlin', 'F', '2022-08-23', 'Sallins', '809-013-5670', '', '2022-11-28 12:59:08'),
(413, '031-6167903-2', 'Gustie', 'Twinborough', 'F', '2022-03-13', 'Maggotty', '809-307-2262', 'Paracetamol', '2022-11-28 12:59:08'),
(414, '031-7502392-5', 'Mariana', 'Kilgrew', 'F', '2021-11-23', 'Tianyuan', '809-094-0577', 'Lansoprazol', '2022-11-28 12:59:08'),
(415, '031-2123094-9', 'Justino', 'Kobiera', 'M', '2022-07-09', 'Molodizhne', '809-409-9303', 'Salbutamol', '2022-11-28 12:59:08'),
(416, '031-9057975-2', 'Svend', 'Rodden', 'M', '2022-11-14', 'Solna', '809-710-2103', 'Aspirina', '2022-11-28 12:59:08'),
(417, '031-1626660-9', 'Neilla', 'Domini', 'F', '2022-02-19', 'Wangon', '809-578-2473', 'Lansoprazol', '2022-11-28 12:59:08'),
(418, '031-5653296-1', 'Liam', 'Nand', 'M', '2022-05-23', 'Ceerigaabo', '809-658-2058', 'Amlodipina', '2022-11-28 12:59:08'),
(419, '031-5443892-3', 'Gratia', 'Shorten', 'F', '2022-11-08', 'Limoges', '809-083-2687', 'Paracetamol', '2022-11-28 12:59:08'),
(420, '031-5703437-4', 'Jacquenetta', 'Kolis', 'F', '2022-08-09', 'Sumberjeruk', '809-287-7449', 'Lexotiroxina sódica', '2022-11-28 12:59:08'),
(421, '031-6532629-5', 'Laurene', 'Pardon', 'F', '2022-05-12', 'Totora', '809-873-7549', '', '2022-11-28 12:59:08'),
(422, '031-7391024-7', 'Justen', 'Painswick', 'M', '2022-03-13', 'K?ížová', '809-013-1126', 'Ramipril', '2022-11-28 12:59:09'),
(423, '031-3779784-7', 'Cosimo', 'Shakle', 'M', '2021-11-27', 'Konongo', '809-956-6511', 'Salbutamol', '2022-11-28 12:59:09'),
(424, '031-6057652-7', 'Kelly', 'Wilcot', 'M', '2022-06-21', 'Västerås', '809-613-2897', 'Lexotiroxina sódica', '2022-11-28 12:59:09'),
(425, '031-1247132-9', 'Marget', 'Witcher', 'F', '2022-05-21', 'Puger', '809-245-5041', '', '2022-11-28 12:59:09'),
(426, '031-5326686-3', 'Betteann', 'Ollerenshaw', 'F', '2022-02-25', 'Bartica', '809-525-0127', 'Aspirina', '2022-11-28 12:59:09'),
(427, '031-4640987-5', 'Norrie', 'Davis', 'F', '2022-08-09', 'Yongping', '809-803-1012', 'Omeprazol', '2022-11-28 12:59:09'),
(428, '031-4250259-6', 'Rolfe', 'Delmage', 'M', '2021-12-26', 'Dueñas', '809-335-3154', 'Lansoprazol', '2022-11-28 12:59:09'),
(429, '031-6843265-9', 'Toma', 'Jolliss', 'F', '2022-10-24', 'Vila Flor', '809-646-1791', 'Amlodipina', '2022-11-28 12:59:09'),
(430, '031-7496157-2', 'Anica', 'Sercombe', 'F', '2022-06-10', 'Alíartos', '809-361-3572', 'Salbutamol', '2022-11-28 12:59:09'),
(431, '031-6985890-7', 'Marguerite', 'Claye', 'F', '2022-08-09', 'Nevesinje', '809-652-6559', 'Lexotiroxina sódica', '2022-11-28 12:59:09'),
(432, '031-4228298-7', 'Sloan', 'Pulley', 'M', '2022-01-12', 'Dijon', '809-591-7622', '', '2022-11-28 12:59:09'),
(433, '031-8666195-8', 'Bellina', 'Doe', 'F', '2022-06-13', 'Shantou', '809-779-9581', 'Atorvastatina', '2022-11-28 12:59:09'),
(434, '031-5391253-6', 'Annabella', 'Eary', 'F', '2022-02-01', 'Cavaillon', '809-107-4546', 'Omeprazol', '2022-11-28 12:59:09'),
(435, '031-6657481-3', 'Justino', 'Longland', 'M', '2022-08-01', 'Yuanzhou', '809-528-1310', 'Lansoprazol', '2022-11-28 12:59:09'),
(436, '031-6790839-8', 'Aron', 'Gaither', 'M', '2022-08-08', 'Meylan', '809-378-3765', 'Salbutamol', '2022-11-28 12:59:09'),
(437, '031-1433206-5', 'Amalie', 'Cumberbatch', 'F', '2022-06-26', 'Huaccana', '809-548-0063', 'Atorvastatina', '2022-11-28 12:59:09'),
(438, '031-9571530-5', 'Linnie', 'Dumigan', 'F', '2022-08-27', 'Kadaka', '809-444-6344', '', '2022-11-28 12:59:09'),
(439, '031-9388649-9', 'Saunders', 'Domnick', 'M', '2022-07-29', 'Tignoan', '809-055-9577', 'Ramipril', '2022-11-28 12:59:09'),
(440, '031-8064463-9', 'Garreth', 'Bawle', 'M', '2022-02-06', 'Brunssum', '809-887-3822', 'Salbutamol', '2022-11-28 12:59:10'),
(441, '031-8424390-6', 'Darcy', 'Leyban', 'F', '2021-12-05', 'Hrotovice', '809-917-3295', '', '2022-11-28 12:59:10'),
(442, '031-5093331-6', 'Crystie', 'Katt', 'F', '2022-01-01', 'Dongli', '809-165-8930', '', '2022-11-28 12:59:10'),
(443, '031-5488611-1', 'Celestyna', 'Kopfen', 'F', '2022-07-06', 'Songhu', '809-083-5780', '', '2022-11-28 12:59:10'),
(444, '031-3797924-0', 'Sheppard', 'Growcott', 'M', '2022-10-07', 'Polyarnyy', '809-034-6985', 'Lexotiroxina sódica', '2022-11-28 12:59:10'),
(445, '031-0313202-3', 'Dal', 'Pearcy', 'M', '2021-12-06', 'Calde', '809-787-2448', 'Amlodipina', '2022-11-28 12:59:10'),
(446, '031-1049663-2', 'Lyndell', 'Affuso', 'F', '2022-01-24', 'Qu?n Tân Phu?', '809-154-0928', 'Aspirina', '2022-11-28 12:59:10'),
(447, '031-9266342-0', 'Ewan', 'Polglaze', 'M', '2022-05-26', 'Javorník', '809-664-0152', 'Salbutamol', '2022-11-28 12:59:10'),
(448, '031-7673361-3', 'Skipton', 'Pilpovic', 'M', '2022-01-13', 'Ndjolé', '809-762-5702', '', '2022-11-28 12:59:10'),
(449, '031-0374605-7', 'Alphonse', 'Leghorn', 'M', '2022-11-18', 'Kétou', '809-933-3224', 'Salbutamol', '2022-11-28 12:59:10'),
(450, '031-4666835-0', 'Noam', 'Iashvili', 'M', '2022-06-15', 'Vinsady', '809-143-4894', 'Aspirina', '2022-11-28 12:59:10'),
(451, '031-1620086-9', 'Ferdie', 'Dessent', 'M', '2021-12-19', 'Santana do Livramento', '809-891-8415', 'Salbutamol', '2022-11-28 12:59:10'),
(452, '031-8961347-5', 'Russ', 'Matten', 'M', '2022-01-17', 'Valtimo', '809-522-7619', '', '2022-11-28 12:59:10'),
(453, '031-6928930-6', 'Ilyssa', 'Grainge', 'F', '2022-11-11', 'Casal Novo', '809-206-1682', 'Simvastatina', '2022-11-28 12:59:10'),
(454, '031-4293383-6', 'Kaitlyn', 'Mouan', 'F', '2022-10-08', 'Skövde', '809-518-5544', 'Simvastatina', '2022-11-28 12:59:10'),
(455, '031-8712973-5', 'Arlina', 'Iley', 'F', '2022-10-28', 'Santiago de María', '809-031-3338', 'Omeprazol', '2022-11-28 12:59:10'),
(456, '031-4844061-8', 'Lay', 'Sleeford', 'M', '2022-02-14', 'Büzmeýin', '809-307-9514', 'Aspirina', '2022-11-28 12:59:10'),
(457, '031-2573134-1', 'Jermain', 'Thirkettle', 'M', '2022-08-09', 'Jihuluntu Sumu', '809-383-3535', 'Lansoprazol', '2022-11-28 12:59:10'),
(458, '031-0207430-2', 'Robinet', 'Sjostrom', 'M', '2022-06-25', 'Ikongo', '809-050-9451', 'Lansoprazol', '2022-11-28 12:59:11'),
(459, '031-6961350-0', 'Gilburt', 'Rickerby', 'M', '2022-08-09', 'Zhovkva', '809-725-8252', 'Ramipril', '2022-11-28 12:59:11'),
(460, '031-6574677-5', 'Faber', 'Watkiss', 'M', '2022-08-03', 'Salinas', '809-821-0028', 'Paracetamol', '2022-11-28 12:59:11'),
(461, '031-6235371-6', 'Alastair', 'Cotelard', 'M', '2022-03-09', 'Xin’an', '809-556-9406', 'Paracetamol', '2022-11-28 12:59:11'),
(462, '031-7994895-1', 'Boote', 'Puttnam', 'M', '2022-03-20', 'Duran', '809-538-4415', '', '2022-11-28 12:59:11'),
(463, '031-6647008-4', 'Luelle', 'Adamovich', 'F', '2022-04-17', 'Livorno', '809-635-6741', 'Aspirina', '2022-11-28 12:59:11'),
(464, '031-1335579-9', 'Conant', 'MacKeller', 'M', '2022-01-05', 'Chongwen', '809-632-9835', 'Simvastatina', '2022-11-28 12:59:11'),
(465, '031-4580104-6', 'Penrod', 'Gauch', 'M', '2021-12-16', 'Malabang', '809-405-6334', 'Omeprazol', '2022-11-28 12:59:11'),
(466, '031-9475462-7', 'Kerwin', 'Fadden', 'M', '2022-07-12', 'Foso', '809-298-6890', 'Paracetamol', '2022-11-28 12:59:11'),
(467, '031-9757550-5', 'Lydon', 'Rockliffe', 'M', '2022-11-12', 'Parreira', '809-601-7172', 'Salbutamol', '2022-11-28 12:59:11'),
(468, '031-7189183-3', 'Johnnie', 'Vignal', 'M', '2022-09-06', 'Huangjinjing', '809-905-1928', 'Ramipril', '2022-11-28 12:59:11'),
(469, '031-1051978-8', 'Eduardo', 'Altimas', 'M', '2021-12-05', 'Owode', '809-363-7477', 'Simvastatina', '2022-11-28 12:59:11'),
(470, '031-3366009-1', 'Tito', 'Orriss', 'M', '2022-07-22', 'Concordia', '809-452-0016', 'Aspirina', '2022-11-28 12:59:11'),
(471, '031-6528038-3', 'Gail', 'Phelipeau', 'F', '2022-08-04', 'Bulu', '809-085-4005', '', '2022-11-28 12:59:11'),
(472, '031-8003374-9', 'Kesley', 'Vize', 'F', '2022-04-23', 'Jijia', '809-882-4444', 'Aspirina', '2022-11-28 12:59:11'),
(473, '031-3106335-8', 'Quill', 'Kendrew', 'M', '2022-11-08', 'Haixing', '809-219-6420', 'Amlodipina', '2022-11-28 12:59:11'),
(474, '031-6148815-0', 'Agnes', 'Hedgeley', 'F', '2021-11-27', 'Hetai', '809-875-8185', 'Ramipril', '2022-11-28 12:59:12'),
(475, '031-0662927-8', 'Gerianne', 'Phethean', 'F', '2022-06-07', 'Banjar Kampungbugis', '809-774-5946', 'Lexotiroxina sódica', '2022-11-28 12:59:12'),
(476, '031-2394825-2', 'Chlo', 'Benting', 'F', '2021-12-20', 'Dokri', '809-343-1360', 'Lansoprazol', '2022-11-28 12:59:12'),
(477, '031-4587135-2', 'Paten', 'Tembey', 'M', '2022-03-19', 'Montgomery', '809-628-7756', '', '2022-11-28 12:59:12'),
(478, '031-1987093-9', 'Stacy', 'Fortie', 'M', '2022-02-02', 'Sizhou', '809-632-6319', 'Paracetamol', '2022-11-28 12:59:12'),
(479, '031-8412773-8', 'Terrance', 'Moreinu', 'M', '2022-06-19', 'Kremenki', '809-214-5986', 'Ramipril', '2022-11-28 12:59:12'),
(480, '031-1799422-5', 'Allard', 'Etherson', 'M', '2022-01-21', 'Nijemci', '809-009-3654', 'Atorvastatina', '2022-11-28 12:59:12'),
(481, '031-0357257-8', 'Agnesse', 'Feldhorn', 'F', '2022-05-19', 'Thatèng', '809-281-1642', '', '2022-11-28 12:59:12'),
(482, '031-4014071-1', 'Enrique', 'Smitherman', 'M', '2022-11-04', 'Sfax', '809-868-8809', 'Omeprazol', '2022-11-28 12:59:12'),
(483, '031-2028139-9', 'Ben', 'Coppenhall', 'M', '2022-04-24', 'Videm pri Ptuju', '809-218-7668', 'Salbutamol', '2022-11-28 12:59:12'),
(484, '031-8380036-3', 'Carolyne', 'Toplis', 'F', '2022-03-07', 'Oropesa', '809-264-7311', 'Aspirina', '2022-11-28 12:59:12'),
(485, '031-5971055-1', 'Mar', 'Noir', 'M', '2022-01-29', 'Navan', '809-755-4929', 'Salbutamol', '2022-11-28 12:59:12'),
(486, '031-7178525-8', 'Kai', 'McAmish', 'F', '2022-09-15', 'Pushkin', '809-944-7714', 'Simvastatina', '2022-11-28 12:59:12'),
(487, '031-7395646-6', 'Garey', 'Carville', 'M', '2022-09-11', 'Azogues', '809-603-4073', 'Simvastatina', '2022-11-28 12:59:12'),
(488, '031-6024372-1', 'Celle', 'Berrigan', 'F', '2022-07-25', 'Puerto Ayacucho', '809-419-6613', '', '2022-11-28 12:59:13'),
(489, '031-8919242-6', 'Benedict', 'Nellies', 'M', '2022-04-04', 'Botevgrad', '809-587-4046', 'Paracetamol', '2022-11-28 12:59:13'),
(490, '031-6565316-3', 'Donella', 'Theuss', 'F', '2022-06-09', 'Olutanga', '809-371-2901', 'Simvastatina', '2022-11-28 12:59:13'),
(491, '031-2722976-1', 'Alejandro', 'Coombe', 'M', '2021-12-08', 'Uralo-Kavkaz', '809-009-3968', 'Lexotiroxina sódica', '2022-11-28 12:59:13'),
(492, '031-4286334-5', 'Robinia', 'Simoes', 'F', '2022-10-04', 'Al J?b', '809-866-4879', 'Simvastatina', '2022-11-28 12:59:13'),
(493, '031-0134084-8', 'Trueman', 'Shurman', 'M', '2022-04-02', 'Penedono', '809-400-5692', 'Omeprazol', '2022-11-28 12:59:13'),
(494, '031-2405438-3', 'Dicky', 'Krollmann', 'M', '2022-03-17', 'B?ezová', '809-283-5044', 'Simvastatina', '2022-11-28 12:59:13'),
(495, '031-8445971-8', 'Delilah', 'Bridywater', 'F', '2022-11-02', 'Gaspar', '809-839-4485', 'Amlodipina', '2022-11-28 12:59:13'),
(496, '031-0514682-0', 'Wolfy', 'Wastell', 'M', '2022-03-12', 'Bom Jesus dos Perdões', '809-683-7568', 'Lansoprazol', '2022-11-28 12:59:13'),
(497, '031-5644890-8', 'Delbert', 'Olensby', 'M', '2021-11-24', 'Cumanayagua', '809-341-4312', 'Amlodipina', '2022-11-28 12:59:13'),
(498, '031-7876211-4', 'Boigie', 'Korneichik', 'M', '2022-08-09', 'Altanbulag', '809-889-6941', 'Lansoprazol', '2022-11-28 12:59:13'),
(499, '031-2207571-6', 'Osbourn', 'Pickerill', 'M', '2022-02-19', 'Dundee', '809-666-5010', 'Atorvastatina', '2022-11-28 12:59:13'),
(500, '031-0483954-5', 'Avram', 'Youngs', 'M', '2022-01-15', 'Vilémov', '809-111-1676', 'Aspirina', '2022-11-28 12:59:13'),
(501, '031-9269519-1', 'Sile', 'Feary', 'F', '2022-01-18', 'Guapi', '809-748-9203', 'Aspirina', '2022-11-28 12:59:13'),
(502, '031-8192844-1', 'Maxwell', 'Lambin', 'M', '2021-12-23', 'Kaliwates', '809-174-6378', 'Lexotiroxina sódica', '2022-11-28 12:59:13'),
(503, '031-6519498-6', 'Alfons', 'Amer', 'M', '2022-01-03', 'Pechersk', '809-937-8829', 'Simvastatina', '2022-11-28 12:59:13'),
(504, '031-4087815-6', 'Norma', 'Heather', 'F', '2022-03-07', 'Patquía', '809-764-8337', '', '2022-11-28 12:59:13'),
(505, '031-5929947-0', 'Pyotr', 'Sygrove', 'M', '2022-02-03', 'Guaraciaba do Norte', '809-631-4748', 'Lexotiroxina sódica', '2022-11-28 12:59:13'),
(506, '031-2339589-9', 'Janette', 'Bramah', 'F', '2022-01-08', 'Bamban', '809-943-4085', 'Salbutamol', '2022-11-28 12:59:14'),
(507, '031-5851269-3', 'Derrik', 'Horder', 'M', '2021-12-19', 'Minchin?b?d', '809-777-4732', 'Lexotiroxina sódica', '2022-11-28 12:59:14'),
(508, '031-0958210-7', 'Ulla', 'Hanton', 'F', '2022-04-17', 'Socorro', '809-237-4469', 'Salbutamol', '2022-11-28 12:59:14'),
(509, '031-8052520-8', 'Clifford', 'Infante', 'M', '2022-04-13', 'San Juan Ermita', '809-721-7425', 'Ramipril', '2022-11-28 12:59:14'),
(510, '031-9394199-9', 'Federica', 'Kaser', 'F', '2021-12-08', 'Kuršumlija', '809-525-9423', 'Paracetamol', '2022-11-28 12:59:14'),
(511, '031-3197002-9', 'Vasily', 'Hance', 'M', '2022-05-10', 'Temizhbekskaya', '809-865-2088', 'Simvastatina', '2022-11-28 12:59:14'),
(512, '031-3452271-8', 'Morganne', 'Dubery', 'F', '2022-03-12', 'Conde', '809-804-4243', 'Aspirina', '2022-11-28 12:59:14'),
(513, '031-7541036-9', 'Teena', 'Tessyman', 'F', '2022-11-13', 'Wuli', '809-464-7169', 'Paracetamol', '2022-11-28 12:59:14'),
(514, '031-4257282-8', 'Everard', 'Lassey', 'M', '2021-12-31', 'Lutowiska', '809-255-5512', 'Atorvastatina', '2022-11-28 12:59:14'),
(515, '031-0469345-6', 'Cord', 'Sussems', 'M', '2022-08-16', 'Ma‘d?n', '809-395-2913', 'Ramipril', '2022-11-28 12:59:14'),
(516, '031-3668676-1', 'Peyton', 'Deinhardt', 'M', '2022-05-29', 'Bayt? al Fawq?', '809-904-8527', 'Lexotiroxina sódica', '2022-11-28 12:59:14'),
(517, '031-1127043-2', 'Ned', 'Ollet', 'M', '2022-10-28', 'Tubuhue', '809-404-8851', 'Paracetamol', '2022-11-28 12:59:14'),
(518, '031-0182674-7', 'Xylina', 'Venable', 'F', '2022-06-08', 'Coronel', '809-060-7145', '', '2022-11-28 12:59:14'),
(519, '031-5491726-5', 'Lombard', 'Sabater', 'M', '2022-09-09', 'Patos', '809-629-1498', 'Lexotiroxina sódica', '2022-11-28 12:59:14'),
(520, '031-9156848-4', 'Burch', 'Williams', 'M', '2022-08-05', 'Fílla', '809-259-1579', 'Ramipril', '2022-11-28 12:59:14'),
(521, '031-4758792-5', 'Rosemary', 'Durrett', 'F', '2022-01-22', 'Drahovo', '809-083-9681', 'Ramipril', '2022-11-28 12:59:14'),
(522, '031-2698645-4', 'Simonette', 'Negri', 'F', '2022-04-11', 'Áno Kalentíni', '809-145-4850', 'Lansoprazol', '2022-11-28 12:59:14'),
(523, '031-0099538-9', 'Indira', 'Ault', 'F', '2022-08-26', 'Quellouno', '809-789-3059', 'Amlodipina', '2022-11-28 12:59:14'),
(524, '031-9709334-7', 'Remington', 'Alderman', 'M', '2022-06-08', 'Codoi', '809-728-2045', 'Aspirina', '2022-11-28 12:59:14'),
(525, '031-8990225-0', 'Flemming', 'Geering', 'M', '2022-08-15', 'Kalvola', '809-281-5395', 'Lexotiroxina sódica', '2022-11-28 12:59:14'),
(526, '031-7409125-5', 'Deonne', 'Aucourte', 'F', '2021-12-03', 'Maun', '809-221-9151', 'Aspirina', '2022-11-28 12:59:15'),
(527, '031-4557653-5', 'Gerardo', 'Beauly', 'M', '2022-03-29', 'Mataya', '809-198-1953', 'Paracetamol', '2022-11-28 12:59:15'),
(528, '031-9560429-2', 'Harriette', 'Asson', 'F', '2022-08-11', 'Xarag', '809-452-1480', 'Lexotiroxina sódica', '2022-11-28 12:59:15'),
(529, '031-5054687-6', 'Farley', 'Delgadillo', 'M', '2022-10-26', 'Jagistay', '809-165-9974', 'Lexotiroxina sódica', '2022-11-28 12:59:15'),
(530, '031-6526335-2', 'Skipper', 'Morena', 'M', '2022-11-05', 'Baitang', '809-039-4324', 'Lexotiroxina sódica', '2022-11-28 12:59:15'),
(531, '031-3518657-3', 'Elliott', 'Gorgl', 'M', '2021-12-03', 'Bulacan', '809-191-4052', 'Simvastatina', '2022-11-28 12:59:15'),
(532, '031-5804659-6', 'Hieronymus', 'Lambertini', 'M', '2022-07-18', 'Otterburn Park', '809-253-1277', 'Lansoprazol', '2022-11-28 12:59:15'),
(533, '031-4132215-5', 'Herb', 'Cathie', 'M', '2022-06-23', 'Phôngsali', '809-356-6703', 'Paracetamol', '2022-11-28 12:59:15'),
(534, '031-8900795-7', 'Patsy', 'Ottery', 'F', '2022-02-11', 'Velestíno', '809-624-4282', 'Simvastatina', '2022-11-28 12:59:15'),
(535, '031-0822124-4', 'Eliot', 'Jochanany', 'M', '2022-09-10', 'Hongyan', '809-510-9389', 'Aspirina', '2022-11-28 12:59:15'),
(536, '031-7366044-5', 'Tatiana', 'Nickell', 'F', '2022-07-21', 'Santa Teresita', '809-725-4631', 'Atorvastatina', '2022-11-28 12:59:15'),
(537, '031-8669262-4', 'Ramsay', 'La Vigne', 'M', '2021-12-17', 'K?pie ?alesza?skie', '809-758-8302', '', '2022-11-28 12:59:15'),
(538, '031-7198589-6', 'Linnet', 'Tellenbroker', 'F', '2022-07-23', 'Ximei', '809-491-2175', 'Omeprazol', '2022-11-28 12:59:15'),
(539, '031-2192650-5', 'Mathilda', 'Thurgood', 'F', '2022-06-28', 'Rechitsy', '809-850-7631', 'Omeprazol', '2022-11-28 12:59:15'),
(540, '031-9346965-5', 'Walsh', 'Crayke', 'M', '2022-08-02', 'Shaoyang', '809-511-1924', 'Atorvastatina', '2022-11-28 12:59:15'),
(541, '031-8439422-3', 'Efren', 'Abdie', 'M', '2022-03-07', 'Wawrze?czyce', '809-080-1818', 'Aspirina', '2022-11-28 12:59:15'),
(542, '031-9781844-0', 'Lida', 'Ratke', 'F', '2022-04-16', 'Medicine Hat', '809-090-5238', 'Simvastatina', '2022-11-28 12:59:15'),
(543, '031-9813298-4', 'Dotty', 'Lys', 'F', '2022-11-05', 'Cotahuasi', '809-137-3473', 'Aspirina', '2022-11-28 12:59:15'),
(544, '031-9534955-0', 'Laurette', 'Swanborrow', 'F', '2021-12-13', 'Mulhouse', '809-949-9286', 'Paracetamol', '2022-11-28 12:59:15'),
(545, '031-6569124-0', 'Daryl', 'De Paoli', 'M', '2022-06-26', 'Paloh', '809-801-5275', 'Amlodipina', '2022-11-28 12:59:15'),
(546, '031-6652240-0', 'Wilmer', 'Elwell', 'M', '2022-10-06', 'Dikson', '809-910-1167', 'Lansoprazol', '2022-11-28 12:59:15'),
(547, '031-3110904-5', 'Otha', 'Mattes', 'F', '2022-11-18', 'Min?f', '809-571-4822', 'Ramipril', '2022-11-28 12:59:15'),
(548, '031-7541743-7', 'Roanne', 'Blanckley', 'F', '2022-08-13', 'Daqiao', '809-049-7212', '', '2022-11-28 12:59:16'),
(549, '031-8445725-8', 'Ranee', 'Castletine', 'F', '2021-11-24', 'Cergy-Pontoise', '809-020-4583', '', '2022-11-28 12:59:16'),
(550, '031-6690160-6', 'Gerta', 'Arminger', 'F', '2022-09-03', 'Mekarsari', '809-698-9840', 'Aspirina', '2022-11-28 12:59:16'),
(551, '031-4476852-0', 'Fabe', 'Davidovici', 'M', '2022-02-22', 'Lewolang', '809-081-5263', 'Ramipril', '2022-11-28 12:59:16'),
(552, '031-3828890-3', 'Theressa', 'Speer', 'F', '2022-09-22', 'Martinópolis', '809-632-3243', 'Atorvastatina', '2022-11-28 12:59:16'),
(553, '031-6743862-9', 'Haley', 'Goodayle', 'M', '2022-05-09', 'Capacho Nuevo', '809-449-2497', 'Omeprazol', '2022-11-28 12:59:16'),
(554, '031-8422965-4', 'Boyce', 'Lyster', 'M', '2021-12-25', 'Hanjia', '809-277-2570', 'Salbutamol', '2022-11-28 12:59:16'),
(555, '031-7118522-6', 'Charleen', 'Calderwood', 'F', '2022-07-01', 'Kórnik', '809-695-6037', 'Lexotiroxina sódica', '2022-11-28 12:59:16'),
(556, '031-6340638-6', 'Marcelline', 'Klaussen', 'F', '2022-04-18', 'Binucayan', '809-157-1052', 'Salbutamol', '2022-11-28 12:59:16'),
(557, '031-0539986-0', 'Nissy', 'Hutton', 'F', '2022-07-03', 'Umburarameha', '809-704-4860', 'Amlodipina', '2022-11-28 12:59:16'),
(558, '031-1579651-0', 'Alethea', 'Eldered', 'F', '2022-03-27', 'Jeziorzany', '809-322-1350', 'Salbutamol', '2022-11-28 12:59:16'),
(559, '031-1019727-7', 'Judy', 'Rimell', 'F', '2022-02-26', 'Tuoshi', '809-706-4737', 'Ramipril', '2022-11-28 12:59:16'),
(560, '031-1422176-7', 'Saundra', 'Vittel', 'F', '2022-07-18', 'Ciénaga', '809-621-4911', '', '2022-11-28 12:59:16'),
(561, '031-3782974-2', 'Sigmund', 'Pealing', 'M', '2022-06-18', 'Digkilaan', '809-371-0012', 'Amlodipina', '2022-11-28 12:59:16'),
(562, '031-0253058-7', 'Valaria', 'Skip', 'F', '2022-03-15', 'Zengjia', '809-459-6965', 'Atorvastatina', '2022-11-28 12:59:16'),
(563, '031-6523599-0', 'Twyla', 'Robb', 'F', '2022-08-16', 'Yangping', '809-385-0312', 'Atorvastatina', '2022-11-28 12:59:16'),
(564, '031-5042251-3', 'Loren', 'Titterrell', 'M', '2022-05-28', 'Alor Setar', '809-652-1319', 'Aspirina', '2022-11-28 12:59:17'),
(565, '031-5825391-1', 'Bethena', 'Hothersall', 'F', '2022-02-13', 'Vatutino', '809-045-5048', 'Paracetamol', '2022-11-28 12:59:17'),
(566, '031-9706874-2', 'Crawford', 'Jarrold', 'M', '2022-08-30', 'Samadua', '809-806-0353', 'Salbutamol', '2022-11-28 12:59:17'),
(567, '031-0530999-8', 'Fergus', 'Vassano', 'M', '2022-06-17', 'Niños Heroes', '809-666-7488', '', '2022-11-28 12:59:17'),
(568, '031-7093901-9', 'Cynthea', 'Kissack', 'F', '2022-08-15', 'Offenbach', '809-871-4393', '', '2022-11-28 12:59:17'),
(569, '031-7189746-9', 'Sydney', 'Arundale', 'M', '2022-01-01', 'Niny', '809-735-9638', 'Lexotiroxina sódica', '2022-11-28 12:59:17'),
(570, '031-1540202-7', 'Darin', 'Grinter', 'M', '2022-08-18', 'Lat Lum Kaeo', '809-626-8586', 'Omeprazol', '2022-11-28 12:59:17'),
(571, '031-1602423-4', 'Jorrie', 'Tofts', 'F', '2021-11-26', 'Maicao', '809-375-5149', 'Simvastatina', '2022-11-28 12:59:17'),
(572, '031-5614159-5', 'Selinda', 'Townley', 'F', '2022-02-06', 'Guatraché', '809-853-6711', 'Amlodipina', '2022-11-28 12:59:17'),
(573, '031-4584149-5', 'Jethro', 'Rens', 'M', '2022-08-26', 'Leonárisso', '809-371-6270', 'Aspirina', '2022-11-28 12:59:17'),
(574, '031-4546097-4', 'Prudence', 'Hulkes', 'F', '2022-04-06', 'Khirdalan', '809-177-8824', 'Lansoprazol', '2022-11-28 12:59:17'),
(575, '031-3719713-5', 'Kane', 'Makey', 'M', '2022-07-23', 'Nantes', '809-367-7520', 'Lansoprazol', '2022-11-28 12:59:17'),
(576, '031-6752015-8', 'Regina', 'Monckman', 'F', '2022-04-12', 'Konstantinovsk', '809-578-4484', 'Simvastatina', '2022-11-28 12:59:18'),
(577, '031-3571695-0', 'Sela', 'Kinton', 'F', '2022-06-13', 'Jawl al Majma‘', '809-692-8022', 'Paracetamol', '2022-11-28 12:59:18'),
(578, '031-6547728-1', 'Arlina', 'Bedo', 'F', '2022-04-25', 'Boynton Beach', '809-322-0363', 'Aspirina', '2022-11-28 12:59:18'),
(579, '031-8585434-7', 'Evangelina', 'Brushfield', 'F', '2022-02-16', 'Hennenman', '809-985-8192', 'Salbutamol', '2022-11-28 12:59:18'),
(580, '031-2051803-7', 'Erny', 'Tinton', 'M', '2022-11-12', 'Västra Frölunda', '809-958-9403', '', '2022-11-28 12:59:18'),
(581, '031-7891388-8', 'Murdock', 'Beardsall', 'M', '2022-02-21', 'Bryukhovychi', '809-946-7704', 'Amlodipina', '2022-11-28 12:59:18'),
(582, '031-4249572-7', 'Erasmus', 'Robinson', 'M', '2022-08-15', 'Veldhoven', '809-434-8609', '', '2022-11-28 12:59:18'),
(583, '031-4303600-1', 'Clovis', 'Cramer', 'F', '2022-05-27', 'Villa Concepción del Tío', '809-879-3837', 'Simvastatina', '2022-11-28 12:59:18'),
(584, '031-1949181-9', 'Kylie', 'Barton', 'M', '2022-02-12', 'Guanmian', '809-490-9651', 'Ramipril', '2022-11-28 12:59:18'),
(585, '031-1053254-9', 'Crista', 'Ivoshin', 'F', '2021-11-22', 'Khotynets', '809-668-0515', 'Aspirina', '2022-11-28 12:59:18'),
(586, '031-1838149-4', 'Adrien', 'Adkin', 'M', '2022-09-19', 'Heidelberg', '809-765-3659', 'Paracetamol', '2022-11-28 12:59:18'),
(587, '031-1873097-0', 'Libbie', 'Kulas', 'F', '2022-02-21', 'Luoqiao', '809-693-2289', 'Simvastatina', '2022-11-28 12:59:18'),
(588, '031-6917737-8', 'Skipton', 'Blakelock', 'M', '2022-06-16', 'Guandu', '809-555-6933', 'Ramipril', '2022-11-28 12:59:18'),
(589, '031-7194260-2', 'Isabelle', 'Delucia', 'F', '2022-08-10', 'Cengang', '809-251-1907', 'Salbutamol', '2022-11-28 12:59:18'),
(590, '031-6755345-4', 'Madella', 'Pudden', 'F', '2022-03-18', 'Turets-Bayary', '809-237-2437', 'Paracetamol', '2022-11-28 12:59:18'),
(591, '031-3639101-1', 'Enrique', 'Turbefield', 'M', '2022-08-06', 'Samagaltay', '809-762-6703', 'Salbutamol', '2022-11-28 12:59:18'),
(592, '031-0208763-2', 'Tucky', 'Praten', 'M', '2022-03-17', 'Tierra Blanca', '809-065-6829', 'Lexotiroxina sódica', '2022-11-28 12:59:18'),
(593, '031-0815789-5', 'Nobie', 'Bartolomeotti', 'M', '2022-06-22', 'Foz do Arelho', '809-627-9337', 'Simvastatina', '2022-11-28 12:59:18'),
(594, '031-3415472-1', 'Patricia', 'McCann', 'F', '2022-02-01', 'Sanguinheira', '809-258-1376', 'Salbutamol', '2022-11-28 12:59:18'),
(595, '031-2220494-2', 'Morris', 'Margaritelli', 'M', '2022-04-13', 'Dresden', '809-884-0824', 'Lexotiroxina sódica', '2022-11-28 12:59:19'),
(596, '031-6416174-9', 'Lucky', 'Zink', 'F', '2022-05-11', 'Youguzhuang', '809-901-9181', 'Omeprazol', '2022-11-28 12:59:19'),
(597, '031-4143705-9', 'Pamelina', 'Carley', 'F', '2022-01-15', 'Magok', '809-200-4951', 'Atorvastatina', '2022-11-28 12:59:19'),
(598, '031-2525275-5', 'Brigit', 'Coey', 'F', '2022-10-19', 'Saskylakh', '809-095-2114', '', '2022-11-28 12:59:19'),
(599, '031-2427375-2', 'Jefferson', 'Bony', 'M', '2022-09-20', 'Shediac', '809-919-7601', 'Lansoprazol', '2022-11-28 12:59:19'),
(600, '031-9130536-6', 'Drusy', 'Treadgall', 'F', '2022-10-02', 'Nam Som', '809-749-2847', 'Omeprazol', '2022-11-28 12:59:19'),
(601, '031-4396234-5', 'Bobbye', 'Mcimmie', 'F', '2022-06-01', 'Danchang', '809-378-5797', 'Lexotiroxina sódica', '2022-11-28 12:59:19'),
(602, '031-0800933-2', 'Teador', 'Magnar', 'M', '2022-11-18', 'Sudom??ice', '809-170-5735', '', '2022-11-28 12:59:19'),
(603, '031-6611890-7', 'Freddy', 'Bilyard', 'F', '2021-12-08', 'Tagog', '809-986-9582', 'Ramipril', '2022-11-28 12:59:19'),
(604, '031-2973631-1', 'Mireille', 'MacNulty', 'F', '2022-05-28', 'Urengoy', '809-633-4809', 'Amlodipina', '2022-11-28 12:59:19'),
(605, '031-7515425-3', 'Alena', 'Husband', 'F', '2022-03-03', 'Poja Nae', '809-176-1633', 'Paracetamol', '2022-11-28 12:59:19'),
(606, '031-3075304-1', 'Nerta', 'Colten', 'F', '2021-11-30', 'Sauga', '809-946-2206', 'Omeprazol', '2022-11-28 12:59:19'),
(607, '031-0187817-9', 'Page', 'Gentsch', 'F', '2022-04-01', 'Chillia', '809-393-0485', '', '2022-11-28 12:59:19'),
(608, '031-1915292-8', 'Alysa', 'Bouzek', 'F', '2022-02-18', 'Shaoxing', '809-781-1826', 'Lexotiroxina sódica', '2022-11-28 12:59:19'),
(609, '031-1285400-2', 'Davida', 'Fuxman', 'F', '2022-09-12', 'Pitogo', '809-351-5787', 'Amlodipina', '2022-11-28 12:59:19'),
(610, '031-3320713-6', 'Ericka', 'Matusson', 'F', '2021-12-05', 'Somita', '809-173-5862', 'Paracetamol', '2022-11-28 12:59:19'),
(611, '031-3550852-7', 'Branden', 'Heeks', 'M', '2021-11-26', 'Bizana', '809-538-0493', 'Salbutamol', '2022-11-28 12:59:19'),
(612, '031-9876838-9', 'Ailyn', 'Halbord', 'F', '2022-05-18', 'Xiang Ngeun', '809-141-8903', 'Salbutamol', '2022-11-28 12:59:19'),
(613, '031-0053981-4', 'Ferdinanda', 'Dikelin', 'F', '2022-11-21', 'Grabów', '809-954-3910', 'Atorvastatina', '2022-11-28 12:59:19'),
(614, '031-0264244-1', 'Freeman', 'Alloisi', 'M', '2021-11-27', 'Oni', '809-498-2793', 'Ramipril', '2022-11-28 12:59:19'),
(615, '031-1081669-4', 'Cornelle', 'Godmer', 'F', '2022-07-23', 'Al Qa??f', '809-622-9136', 'Aspirina', '2022-11-28 12:59:19'),
(616, '031-1861131-6', 'Teodoro', 'Eveque', 'M', '2021-11-24', 'Västerås', '809-614-4081', 'Lexotiroxina sódica', '2022-11-28 12:59:19'),
(617, '031-7618095-3', 'Ethan', 'Grosier', 'M', '2022-10-04', 'Wringinsari', '809-276-4908', 'Ramipril', '2022-11-28 12:59:19'),
(618, '031-7184694-8', 'Consuela', 'Fluit', 'F', '2022-11-02', 'Ekou', '809-640-7161', 'Salbutamol', '2022-11-28 12:59:20'),
(619, '031-8512572-0', 'Audra', 'Bridgestock', 'F', '2022-08-08', 'Sever do Vouga', '809-779-3383', 'Salbutamol', '2022-11-28 12:59:20'),
(620, '031-0845279-3', 'Micah', 'Showte', 'M', '2022-05-26', 'Herceg-Novi', '809-600-5130', 'Salbutamol', '2022-11-28 12:59:20'),
(621, '031-4162795-0', 'Iggy', 'Weakley', 'M', '2022-07-10', 'Ningchegu', '809-860-5680', 'Ramipril', '2022-11-28 12:59:20'),
(622, '031-1870391-5', 'Nomi', 'Simonite', 'F', '2022-03-19', 'New Westminster', '809-531-7335', 'Lexotiroxina sódica', '2022-11-28 12:59:20'),
(623, '031-9329959-1', 'Odele', 'Calbert', 'F', '2022-05-27', 'Zhaike', '809-115-5041', 'Salbutamol', '2022-11-28 12:59:20'),
(624, '031-8107370-5', 'Marietta', 'Gregore', 'M', '2022-06-30', 'Maoping', '809-537-1032', '', '2022-11-28 12:59:20'),
(625, '031-6684997-5', 'Aubrie', 'Leele', 'F', '2022-07-07', 'Karangbungur', '809-606-5716', 'Atorvastatina', '2022-11-28 12:59:20'),
(626, '031-4475969-7', 'Gordie', 'Latehouse', 'M', '2022-04-09', 'Vyselki', '809-668-0830', 'Simvastatina', '2022-11-28 12:59:20'),
(627, '031-2213610-0', 'Dacy', 'Costerd', 'F', '2021-12-25', 'Sebedo', '809-051-7844', 'Ramipril', '2022-11-28 12:59:20'),
(628, '031-2584683-8', 'Chrysa', 'Didsbury', 'F', '2022-09-06', 'Gutalac', '809-540-0968', 'Aspirina', '2022-11-28 12:59:20'),
(629, '031-4779963-4', 'Bondie', 'Hucquart', 'M', '2022-08-27', 'Xinji', '809-584-9100', 'Paracetamol', '2022-11-28 12:59:20'),
(630, '031-5186820-2', 'Gare', 'Derr', 'M', '2022-01-07', 'Tarczyn', '809-596-4573', 'Aspirina', '2022-11-28 12:59:20'),
(631, '031-4552192-8', 'Kris', 'Laux', 'F', '2022-06-20', 'Ishikawa', '809-625-4556', 'Lansoprazol', '2022-11-28 12:59:20'),
(632, '031-9769516-3', 'Claudie', 'Beamond', 'F', '2022-01-14', 'Boro', '809-089-5575', 'Paracetamol', '2022-11-28 12:59:20'),
(633, '031-7301855-9', 'Goober', 'Packman', 'M', '2022-04-09', 'Samburat', '809-904-2469', 'Salbutamol', '2022-11-28 12:59:20'),
(634, '031-6445537-2', 'Lindy', 'Rayworth', 'F', '2022-06-28', 'Enskededalen', '809-795-4311', 'Amlodipina', '2022-11-28 12:59:20'),
(635, '031-7147051-2', 'Antons', 'Livzey', 'M', '2022-06-05', 'Ambian', '809-277-4639', 'Simvastatina', '2022-11-28 12:59:21'),
(636, '031-2604690-9', 'Clemmy', 'Stollmeyer', 'M', '2022-07-04', 'San Diego', '809-181-2320', 'Atorvastatina', '2022-11-28 12:59:21'),
(637, '031-3837230-5', 'Gregoire', 'Silverston', 'M', '2021-12-07', 'Khawr Fakk?n', '809-256-7547', 'Lexotiroxina sódica', '2022-11-28 12:59:21'),
(638, '031-0343339-5', 'Ware', 'Meeking', 'M', '2022-04-01', 'El Suyatal', '809-169-6125', 'Aspirina', '2022-11-28 12:59:21'),
(639, '031-4415159-4', 'Jess', 'Cadreman', 'F', '2022-04-14', 'Puerto Madryn', '809-288-9103', '', '2022-11-28 12:59:21'),
(640, '031-6902225-6', 'Bob', 'Tasseler', 'M', '2022-05-19', '??fiz? Moghul', '809-653-2799', 'Simvastatina', '2022-11-28 12:59:21'),
(641, '031-3249971-5', 'Pierre', 'Steers', 'M', '2022-09-14', 'Machado', '809-246-9397', 'Amlodipina', '2022-11-28 12:59:21'),
(642, '031-0445928-0', 'Jordana', 'Baudins', 'F', '2022-05-08', 'Bang Mun Nak', '809-503-2937', 'Salbutamol', '2022-11-28 12:59:22'),
(643, '031-7387118-3', 'Baily', 'Shergill', 'M', '2022-07-21', 'Zub?bah', '809-149-1488', 'Salbutamol', '2022-11-28 12:59:22'),
(644, '031-1596173-3', 'Lusa', 'Aires', 'F', '2022-10-31', 'B?r Saf?jah', '809-593-1652', 'Lexotiroxina sódica', '2022-11-28 12:59:22'),
(645, '031-3889365-7', 'Tabbie', 'Olland', 'F', '2022-08-01', 'Kirovskaya', '809-214-0735', 'Ramipril', '2022-11-28 12:59:22'),
(646, '031-4972543-3', 'Drud', 'Self', 'M', '2022-08-16', 'Osilnica', '809-590-5044', 'Simvastatina', '2022-11-28 12:59:22'),
(647, '031-2296383-0', 'Kirsteni', 'Peyzer', 'F', '2022-09-10', 'Turniš?e', '809-210-2957', '', '2022-11-28 12:59:22'),
(648, '031-6772636-9', 'Adrea', 'Schroder', 'F', '2022-05-11', 'Markópoulo', '809-333-9599', 'Lansoprazol', '2022-11-28 12:59:22'),
(649, '031-3976263-3', 'Abba', 'Machel', 'M', '2022-04-16', 'Armação de Pêra', '809-682-4285', 'Simvastatina', '2022-11-28 12:59:22'),
(650, '031-7535602-7', 'Shaine', 'Rawlins', 'M', '2022-05-07', 'Chichinales', '809-567-9400', 'Paracetamol', '2022-11-28 12:59:22'),
(651, '031-3609507-6', 'Waverley', 'Browning', 'M', '2022-11-16', 'Serra da Boa Viagem', '809-075-1100', 'Simvastatina', '2022-11-28 12:59:22'),
(652, '031-6214669-3', 'Avivah', 'Brodeau', 'F', '2022-01-06', 'Venda', '809-957-1765', 'Aspirina', '2022-11-28 12:59:22'),
(653, '031-7453759-0', 'Ashia', 'Jeacock', 'F', '2022-11-03', 'Vila do Maio', '809-924-9679', 'Lansoprazol', '2022-11-28 12:59:22'),
(654, '031-2553803-9', 'Ced', 'Folker', 'M', '2022-07-05', 'V?nh T??ng', '809-870-1817', 'Atorvastatina', '2022-11-28 12:59:22'),
(655, '031-0299075-2', 'Hamil', 'Freestone', 'M', '2022-04-05', 'Tongda', '809-361-1327', 'Simvastatina', '2022-11-28 12:59:22'),
(656, '031-1507510-0', 'Rossy', 'Kunze', 'M', '2022-11-17', 'Jayapura', '809-910-0486', 'Lexotiroxina sódica', '2022-11-28 12:59:22'),
(657, '031-5550111-3', 'Langsdon', 'Ludlem', 'M', '2022-01-22', 'Xiangrong', '809-568-9688', 'Ramipril', '2022-11-28 12:59:23'),
(658, '031-2285603-5', 'Shayla', 'Ceaser', 'F', '2022-03-05', 'Turi', '809-991-4507', 'Lexotiroxina sódica', '2022-11-28 12:59:23'),
(659, '031-9707591-5', 'Glyn', 'Edlin', 'M', '2021-12-31', 'Guashe', '809-300-2563', 'Omeprazol', '2022-11-28 12:59:23'),
(660, '031-3097792-2', 'Nonie', 'Widdup', 'F', '2022-08-18', 'Tilmi', '809-684-9366', 'Lexotiroxina sódica', '2022-11-28 12:59:23'),
(661, '031-3868811-9', 'Tisha', 'Sitwell', 'F', '2022-11-16', 'Carcassonne', '809-295-7267', 'Aspirina', '2022-11-28 12:59:23'),
(662, '031-6786120-3', 'Lemar', 'McCroft', 'M', '2022-06-29', 'Pudoc', '809-587-0162', 'Salbutamol', '2022-11-28 12:59:23'),
(663, '031-5306714-3', 'Kylynn', 'Hobben', 'F', '2022-03-01', 'Centralniy', '809-149-0239', 'Amlodipina', '2022-11-28 12:59:23'),
(664, '031-0928537-0', 'Malachi', 'Motherwell', 'M', '2022-03-19', 'Z?oty Stok', '809-747-3341', 'Simvastatina', '2022-11-28 12:59:23'),
(665, '031-6975870-8', 'Jamie', 'Van der Kruys', 'M', '2022-07-22', 'Turbaco', '809-700-1955', 'Salbutamol', '2022-11-28 12:59:23'),
(666, '031-7744616-8', 'Adella', 'De Malchar', 'F', '2022-08-25', 'Kivijärvi', '809-817-0286', 'Amlodipina', '2022-11-28 12:59:23'),
(667, '031-0405239-4', 'Rosita', 'Coulman', 'F', '2022-10-04', 'Huicheng', '809-110-5140', 'Atorvastatina', '2022-11-28 12:59:23'),
(668, '031-9142826-0', 'Cooper', 'de Castelain', 'M', '2022-04-26', 'Hac?qabul', '809-606-7689', 'Lexotiroxina sódica', '2022-11-28 12:59:23'),
(669, '031-8980068-3', 'Caril', 'Mattingly', 'F', '2022-05-13', 'Shuya', '809-314-4713', 'Lansoprazol', '2022-11-28 12:59:23'),
(670, '031-5588246-3', 'Nikkie', 'Helwig', 'F', '2022-08-24', 'Szczerbice', '809-528-9856', 'Aspirina', '2022-11-28 12:59:23'),
(671, '031-0324117-7', 'Dana', 'Wevell', 'M', '2022-10-04', 'Datong', '809-879-2142', 'Aspirina', '2022-11-28 12:59:23'),
(672, '031-8290778-6', 'Giacopo', 'Skellen', 'M', '2022-08-08', 'Yinhedahan’er', '809-644-0821', 'Amlodipina', '2022-11-28 12:59:23'),
(673, '031-9678205-9', 'Thorn', 'Nuss', 'M', '2022-09-02', 'Songqiao', '809-644-4760', 'Simvastatina', '2022-11-28 12:59:23'),
(674, '031-0205276-0', 'Shermy', 'Hellin', 'M', '2022-08-16', 'Daxing', '809-044-4302', 'Paracetamol', '2022-11-28 12:59:23'),
(675, '031-1946767-5', 'Lurlene', 'Siggery', 'F', '2022-08-27', 'Changfeng', '809-168-6337', 'Omeprazol', '2022-11-28 12:59:23'),
(676, '031-5328381-7', 'Nickola', 'Jerrim', 'M', '2022-08-04', 'Chengdong', '809-318-0702', 'Simvastatina', '2022-11-28 12:59:24'),
(677, '031-2390299-6', 'Jammie', 'McGuiney', 'F', '2022-04-13', 'Ouro Preto', '809-365-9909', 'Ramipril', '2022-11-28 12:59:24'),
(678, '031-8275358-5', 'Jorey', 'Peinton', 'F', '2022-10-29', 'Eixo', '809-626-7812', 'Lansoprazol', '2022-11-28 12:59:24'),
(679, '031-6371955-8', 'Brinn', 'Mulvagh', 'F', '2022-07-20', 'Västerås', '809-629-6106', 'Salbutamol', '2022-11-28 12:59:24'),
(680, '031-5519700-4', 'Jaimie', 'Braddon', 'F', '2022-06-23', 'Wólka Pe?ki?ska', '809-303-1476', 'Lansoprazol', '2022-11-28 12:59:24'),
(681, '031-0805316-3', 'Hendrika', 'Lampitt', 'F', '2022-03-01', 'Ochojno', '809-074-2076', 'Atorvastatina', '2022-11-28 12:59:24'),
(682, '031-1704660-0', 'Julienne', 'Pragnell', 'F', '2022-07-24', 'Jeblog Satu', '809-512-0596', 'Simvastatina', '2022-11-28 12:59:24'),
(683, '031-5282478-4', 'Adham', 'Coldrick', 'M', '2022-04-10', 'Shizikeng', '809-929-0592', '', '2022-11-28 12:59:24'),
(684, '031-8596047-1', 'Nevsa', 'Martland', 'F', '2022-03-31', 'Doumé', '809-554-7347', 'Simvastatina', '2022-11-28 12:59:24'),
(685, '031-1409991-6', 'Kathye', 'Finnan', 'F', '2022-01-20', 'Ueda', '809-188-2155', 'Amlodipina', '2022-11-28 12:59:24'),
(686, '031-3019112-0', 'Boris', 'Skyme', 'M', '2021-12-04', 'Betania', '809-283-7956', 'Aspirina', '2022-11-28 12:59:24'),
(687, '031-9472005-6', 'Milka', 'Skipworth', 'F', '2022-04-10', 'Bilja?a', '809-647-5584', 'Atorvastatina', '2022-11-28 12:59:24'),
(688, '031-3207817-3', 'Byrann', 'Albert', 'M', '2022-05-24', 'Sidokumpul', '809-763-9442', 'Omeprazol', '2022-11-28 12:59:24'),
(689, '031-2522032-8', 'Micheline', 'Hammon', 'F', '2022-09-06', 'Knoxville', '809-734-8070', 'Amlodipina', '2022-11-28 12:59:24'),
(690, '031-4230420-0', 'Hertha', 'Hair', 'F', '2022-06-06', 'Dublin', '809-541-1086', 'Lexotiroxina sódica', '2022-11-28 12:59:24'),
(691, '031-3077104-5', 'Enrika', 'Iseton', 'F', '2022-07-16', 'Megalochórion', '809-589-4425', 'Atorvastatina', '2022-11-28 12:59:24'),
(692, '031-1067121-0', 'Ber', 'Smaleman', 'M', '2022-07-13', 'Jämsänkoski', '809-489-3821', 'Ramipril', '2022-11-28 12:59:24'),
(693, '031-8605125-0', 'Siobhan', 'Fowle', 'F', '2022-07-13', 'Pervoural’sk', '809-822-9213', 'Simvastatina', '2022-11-28 12:59:24'),
(694, '031-3338066-8', 'Evonne', 'Zupone', 'F', '2022-01-01', 'Buenos Aires', '809-906-0700', '', '2022-11-28 12:59:25'),
(695, '031-9496383-4', 'Legra', 'Northern', 'F', '2021-12-16', 'Sult', '809-213-2634', 'Aspirina', '2022-11-28 12:59:25'),
(696, '031-1932454-9', 'Danyelle', 'Aldwich', 'F', '2022-06-09', 'Pulopaya', '809-776-5911', 'Omeprazol', '2022-11-28 12:59:25'),
(697, '031-0502479-9', 'Annie', 'Rallin', 'F', '2021-12-15', 'General José de San Martín', '809-158-6904', 'Lansoprazol', '2022-11-28 12:59:25'),
(698, '031-0257745-5', 'Willie', 'Sayer', 'F', '2022-09-25', 'Tselinnoye', '809-993-7363', 'Atorvastatina', '2022-11-28 12:59:25'),
(699, '031-3934297-8', 'Caitrin', 'Flintuff', 'F', '2022-06-13', 'Malinovskiy', '809-797-0602', 'Simvastatina', '2022-11-28 12:59:26'),
(700, '031-6135435-1', 'Bradney', 'Colcomb', 'M', '2022-05-03', 'Q?r Mo?v', '809-417-9849', 'Salbutamol', '2022-11-28 12:59:26'),
(701, '031-4008235-2', 'James', 'Tufts', 'M', '2022-01-02', 'Landi Kotal', '809-982-0307', 'Lexotiroxina sódica', '2022-11-28 12:59:26'),
(702, '031-1030541-2', 'Valaree', 'Korneev', 'F', '2022-02-06', 'Wutong', '809-113-3908', 'Ramipril', '2022-11-28 12:59:26'),
(703, '031-6964728-0', 'De', 'Kintish', 'F', '2022-01-06', 'Kabor', '809-681-4455', 'Ramipril', '2022-11-28 12:59:26'),
(704, '031-0026985-5', 'Siana', 'Beagen', 'F', '2022-02-01', 'Canindé', '809-977-7013', 'Paracetamol', '2022-11-28 12:59:26'),
(705, '031-4224072-4', 'Skylar', 'Shickle', 'M', '2022-09-24', 'Al Man??rah', '809-625-7353', 'Aspirina', '2022-11-28 12:59:26'),
(706, '031-7445089-9', 'Leroi', 'Blincoe', 'M', '2022-04-10', 'Lomme', '809-720-7130', 'Ramipril', '2022-11-28 12:59:27'),
(707, '031-1253445-6', 'Kermit', 'Smorthit', 'M', '2022-04-24', 'El Limon', '809-068-0749', 'Atorvastatina', '2022-11-28 12:59:27'),
(708, '031-9771186-0', 'Twyla', 'MacAnelley', 'F', '2022-04-13', 'Smederevo', '809-197-0878', 'Paracetamol', '2022-11-28 12:59:27'),
(709, '031-0348549-5', 'Odelle', 'Emer', 'F', '2021-11-27', 'Rochefort', '809-341-4742', 'Ramipril', '2022-11-28 12:59:27'),
(710, '031-2284181-5', 'Travis', 'Klauer', 'M', '2021-12-18', 'Lumsden', '809-622-5919', 'Amlodipina', '2022-11-28 12:59:27'),
(711, '031-8819231-7', 'Eldridge', 'Vayne', 'M', '2022-01-24', 'Sarana', '809-598-7796', 'Atorvastatina', '2022-11-28 12:59:28'),
(712, '031-7290716-5', 'Brantley', 'Maggiori', 'M', '2022-01-02', 'Kuala Lumpur', '809-470-5205', '', '2022-11-28 12:59:28'),
(713, '031-5617921-8', 'Any', 'Ducker', 'M', '2022-03-29', 'Shixiang', '809-182-2704', 'Simvastatina', '2022-11-28 12:59:28'),
(714, '031-7654922-3', 'Jade', 'Dunham', 'F', '2022-08-21', 'Itapecerica da Serra', '809-970-8311', '', '2022-11-28 12:59:28'),
(715, '031-6577005-8', 'Denney', 'Galvan', 'M', '2022-05-30', 'Sambiyan', '809-985-9833', 'Amlodipina', '2022-11-28 12:59:28'),
(716, '031-7771034-9', 'Pall', 'Holdforth', 'M', '2022-10-11', 'Aragua de Barcelona', '809-761-1853', 'Lexotiroxina sódica', '2022-11-28 12:59:29'),
(717, '031-7132168-5', 'Bobbi', 'Tredget', 'F', '2022-08-22', 'Radenkovi?', '809-117-9345', 'Lansoprazol', '2022-11-28 12:59:29'),
(718, '031-4326080-3', 'Junina', 'Michal', 'F', '2022-07-08', 'Gómez', '809-906-5034', 'Amlodipina', '2022-11-28 12:59:29'),
(719, '031-4077068-1', 'Reese', 'Shitliff', 'M', '2022-01-29', 'Sydney', '809-476-0576', 'Simvastatina', '2022-11-28 12:59:29'),
(720, '031-0375042-1', 'Giulietta', 'Joskovitch', 'F', '2022-03-12', 'Horní Ji?etín', '809-316-1110', 'Atorvastatina', '2022-11-28 12:59:29'),
(721, '031-0643719-9', 'Harris', 'Axtell', 'M', '2021-12-24', 'Repentigny', '809-483-1510', 'Atorvastatina', '2022-11-28 12:59:29'),
(722, '031-4464769-3', 'Sax', 'Sparshott', 'M', '2022-03-03', 'Murça', '809-915-2308', 'Aspirina', '2022-11-28 12:59:29'),
(723, '031-9740643-4', 'Alejoa', 'Greatorex', 'M', '2022-04-05', 'Ban Thai Tan', '809-266-5840', 'Amlodipina', '2022-11-28 12:59:30'),
(724, '031-8177217-9', 'Freedman', 'Woolfoot', 'M', '2022-11-02', 'Hamm', '809-495-7986', 'Lexotiroxina sódica', '2022-11-28 12:59:30'),
(725, '031-2299811-0', 'Hardy', 'Kuschek', 'M', '2022-11-15', 'Yanzhou', '809-021-6835', '', '2022-11-28 12:59:30'),
(726, '031-8301177-2', 'Feodora', 'Sisley', 'F', '2021-12-06', 'Maria', '809-205-7121', 'Ramipril', '2022-11-28 12:59:30'),
(727, '031-7784702-5', 'Thorin', 'Jovovic', 'M', '2022-06-14', 'Simabur', '809-230-4832', 'Lexotiroxina sódica', '2022-11-28 12:59:30'),
(728, '031-3784104-1', 'Matt', 'Kilkenny', 'M', '2022-06-13', 'Taunoa', '809-214-1745', 'Paracetamol', '2022-11-28 12:59:30'),
(729, '031-3298184-6', 'Lawton', 'De Wolfe', 'M', '2022-08-13', 'General Pinedo', '809-802-8265', 'Ramipril', '2022-11-28 12:59:30'),
(730, '031-0877792-9', 'Harmon', 'Tute', 'M', '2022-09-17', 'Fuzhou', '809-275-4724', 'Atorvastatina', '2022-11-28 12:59:30'),
(731, '031-2088463-3', 'Valentijn', 'holmes', 'M', '2022-01-03', 'Kalej', '809-973-3235', 'Lansoprazol', '2022-11-28 12:59:30'),
(732, '031-4897998-3', 'Friedrich', 'Mathey', 'M', '2022-07-12', 'Courtaboeuf', '809-292-3441', 'Salbutamol', '2022-11-28 12:59:30'),
(733, '031-3858925-8', 'Nathanial', 'Boggish', 'M', '2022-04-28', 'Xigou', '809-979-2737', 'Lansoprazol', '2022-11-28 12:59:30'),
(734, '031-8457170-4', 'Tonie', 'Dreakin', 'F', '2022-03-20', 'Khánh H?i', '809-809-6455', 'Ramipril', '2022-11-28 12:59:30'),
(735, '031-0036220-9', 'Othella', 'Prayer', 'F', '2022-02-21', 'Aparecida', '809-912-4060', 'Aspirina', '2022-11-28 12:59:31'),
(736, '031-7166122-8', 'Marylee', 'Jakuszewski', 'F', '2022-10-17', 'Daeosin Satu', '809-123-0230', 'Salbutamol', '2022-11-28 12:59:31'),
(737, '031-3456546-6', 'Rebeka', 'Castledine', 'F', '2022-11-14', 'Daxbet', '809-192-8415', 'Aspirina', '2022-11-28 12:59:31'),
(738, '031-5473920-6', 'Sher', 'Gerler', 'F', '2022-09-28', 'Zhongshanmen', '809-712-0710', 'Aspirina', '2022-11-28 12:59:31'),
(739, '031-1838841-4', 'Gregorio', 'Haborn', 'M', '2022-07-19', 'Longzhong', '809-868-9616', 'Lexotiroxina sódica', '2022-11-28 12:59:31'),
(740, '031-9713803-9', 'Bobine', 'Hofer', 'F', '2022-01-06', 'Kashiwa', '809-389-3223', '', '2022-11-28 12:59:31'),
(741, '031-8117215-0', 'Carmine', 'Gimblet', 'F', '2022-02-20', 'Torres Vedras', '809-350-2125', 'Salbutamol', '2022-11-28 12:59:31'),
(742, '031-0063442-0', 'Mufi', 'Balsellie', 'F', '2022-02-17', 'Fengmu', '809-900-8057', 'Lexotiroxina sódica', '2022-11-28 12:59:31'),
(743, '031-5860139-7', 'Georgie', 'Gerriet', 'F', '2022-04-14', 'Seixo Alvo', '809-690-2739', '', '2022-11-28 12:59:31'),
(744, '031-9371939-3', 'Melisenda', 'Fontaine', 'F', '2022-01-01', 'Aragarças', '809-795-4184', 'Simvastatina', '2022-11-28 12:59:31'),
(745, '031-3865716-7', 'Harland', 'Rankmore', 'M', '2022-10-26', 'Oštarije', '809-786-0309', 'Amlodipina', '2022-11-28 12:59:31'),
(746, '031-9695218-4', 'Trevar', 'Goldsberry', 'M', '2022-11-19', 'Batallas', '809-477-0456', 'Amlodipina', '2022-11-28 12:59:31'),
(747, '031-1092568-9', 'Abbi', 'Merrilees', 'F', '2021-12-16', 'Haveluloto', '809-359-0558', 'Atorvastatina', '2022-11-28 12:59:31'),
(748, '031-6075489-9', 'Willabella', 'Litton', 'F', '2022-09-05', 'Sucha?', '809-230-4125', '', '2022-11-28 12:59:31'),
(749, '031-2192218-7', 'Drugi', 'Mullineux', 'M', '2022-03-30', 'Ar Rawnah', '809-883-8977', '', '2022-11-28 12:59:31'),
(750, '031-4027776-9', 'Lindy', 'Childes', 'M', '2022-10-14', 'As S?lim?yah', '809-456-4173', 'Simvastatina', '2022-11-28 12:59:31'),
(751, '031-9948999-9', 'Gabbi', 'Minocchi', 'F', '2022-05-07', 'Saltpond', '809-613-8000', 'Atorvastatina', '2022-11-28 12:59:31'),
(752, '031-1436150-9', 'Kerstin', 'Cavet', 'F', '2021-12-18', 'Eschweiler', '809-103-4872', 'Simvastatina', '2022-11-28 12:59:31'),
(753, '031-8203351-8', 'Keelby', 'Speachley', 'M', '2022-04-13', 'Toyama-shi', '809-930-9336', 'Simvastatina', '2022-11-28 12:59:32'),
(754, '031-3361946-1', 'Kirbie', 'Feavers', 'F', '2022-06-01', 'Turpo', '809-098-5645', 'Atorvastatina', '2022-11-28 12:59:32'),
(755, '031-8480075-8', 'Cristiano', 'Novill', 'M', '2022-02-01', 'Elliot', '809-407-2707', 'Lansoprazol', '2022-11-28 12:59:32'),
(756, '031-7134148-9', 'Barron', 'Kellie', 'M', '2021-12-17', 'Fayzabad', '809-177-1075', 'Ramipril', '2022-11-28 12:59:32'),
(757, '031-2699192-9', 'Fairleigh', 'Bickerdike', 'M', '2022-11-18', 'Shamboyacu', '809-850-6571', 'Salbutamol', '2022-11-28 12:59:32'),
(758, '031-4996622-3', 'Korie', 'O\'Geaney', 'F', '2022-03-10', 'Malabar', '809-140-9832', 'Amlodipina', '2022-11-28 12:59:32'),
(759, '031-3240369-6', 'Lindi', 'Gresswell', 'F', '2022-11-06', 'Sarykemer', '809-002-6613', 'Amlodipina', '2022-11-28 12:59:32'),
(760, '031-1629721-0', 'Sheela', 'Costelow', 'F', '2022-04-27', 'Shagang', '809-496-5409', 'Omeprazol', '2022-11-28 12:59:32'),
(761, '031-3413630-8', 'Dorella', 'Jenicek', 'F', '2022-09-10', 'Panzhuang', '809-363-8929', 'Omeprazol', '2022-11-28 12:59:32'),
(762, '031-9111949-6', 'Marten', 'Haulkham', 'M', '2022-01-22', 'Rivera', '809-267-6276', 'Atorvastatina', '2022-11-28 12:59:32'),
(763, '031-0514916-7', 'Wendell', 'Gilhooley', 'M', '2022-08-19', 'Colcabamba', '809-840-1107', 'Ramipril', '2022-11-28 12:59:32'),
(764, '031-5691747-8', 'Bonni', 'Snelle', 'F', '2022-05-22', 'Varaždin', '809-544-0716', 'Omeprazol', '2022-11-28 12:59:32'),
(765, '031-2054738-3', 'Leland', 'Pilcher', 'M', '2022-07-13', 'Kusheriki', '809-864-1024', 'Lansoprazol', '2022-11-28 12:59:32'),
(766, '031-5752346-2', 'Wandie', 'Lineham', 'F', '2022-03-09', 'Valjevo', '809-824-4788', 'Ramipril', '2022-11-28 12:59:32'),
(767, '031-8612689-3', 'Adler', 'Rosengren', 'M', '2022-01-26', 'Pointe-à-Pitre', '809-520-4987', 'Simvastatina', '2022-11-28 12:59:32'),
(768, '031-0098283-1', 'Luigi', 'Mouget', 'M', '2022-08-05', 'Santo Amaro', '809-565-7360', 'Lansoprazol', '2022-11-28 12:59:32'),
(769, '031-7089063-3', 'Anatola', 'Norssister', 'F', '2022-10-04', 'Manadas', '809-706-0443', 'Lansoprazol', '2022-11-28 12:59:32'),
(770, '031-4244601-8', 'Gretta', 'Stood', 'F', '2022-04-26', 'Falköping', '809-333-6944', 'Simvastatina', '2022-11-28 12:59:33'),
(771, '031-2878566-1', 'Felicio', 'Shulver', 'M', '2022-01-28', 'Ujar', '809-435-3053', 'Atorvastatina', '2022-11-28 12:59:33'),
(772, '031-3003102-3', 'Clemens', 'Stiffell', 'M', '2021-11-25', 'Tân Hi?p', '809-730-4283', 'Ramipril', '2022-11-28 12:59:33'),
(773, '031-3003122-8', 'Edy', 'Boullin', 'F', '2022-01-26', 'Nuasepu', '809-066-0504', 'Salbutamol', '2022-11-28 12:59:33'),
(774, '031-8323440-1', 'Nicky', 'Brameld', 'F', '2022-02-13', 'Sel’tso', '809-022-1851', 'Salbutamol', '2022-11-28 12:59:33'),
(775, '031-9523177-1', 'Keely', 'Cornwell', 'F', '2022-10-11', 'Kratié', '809-060-0631', 'Simvastatina', '2022-11-28 12:59:33'),
(776, '031-5973950-2', 'Umberto', 'Flipsen', 'M', '2022-06-19', 'Gueltat Zemmour', '809-627-1204', 'Aspirina', '2022-11-28 12:59:33'),
(777, '031-1777392-7', 'Ophelia', 'Sheber', 'F', '2022-08-22', 'Citarik', '809-969-8790', '', '2022-11-28 12:59:33'),
(778, '031-9060397-0', 'Meade', 'Colchett', 'M', '2022-05-28', 'Sawangan', '809-575-6481', 'Omeprazol', '2022-11-28 12:59:33'),
(779, '031-4408899-8', 'Von', 'Paine', 'M', '2022-04-25', 'Ágios Vasíleios', '809-297-3294', 'Salbutamol', '2022-11-28 12:59:33'),
(780, '031-4800474-1', 'Jamey', 'Courcey', 'M', '2022-03-22', 'Vila do Maio', '809-946-9734', 'Lansoprazol', '2022-11-28 12:59:33'),
(781, '031-9452435-1', 'Mina', 'Peggs', 'F', '2022-04-08', 'Ülken', '809-938-2595', 'Salbutamol', '2022-11-28 12:59:33');
INSERT INTO `pacientes` (`ID_Paciente`, `Cedula`, `Nombre_Paciente`, `Apellido_Paciente`, `Genero`, `Fecha_Nac`, `Direccion`, `Telefono`, `Alergias`, `Creado_En`) VALUES
(782, '031-2805335-0', 'Ainsley', 'Jesper', 'F', '2022-05-20', 'Kinango', '809-040-8547', 'Amlodipina', '2022-11-28 12:59:33'),
(783, '031-0703232-9', 'Harli', 'Clemintoni', 'F', '2022-08-23', 'Cisownica', '809-569-0405', 'Lansoprazol', '2022-11-28 12:59:34'),
(784, '031-2062969-6', 'Andrew', 'Van Baaren', 'M', '2021-11-25', 'Tiantai Chengguanzhen', '809-369-7305', '', '2022-11-28 12:59:34'),
(785, '031-9007340-8', 'Bartel', 'Millichip', 'M', '2022-06-27', 'Apopa', '809-074-0133', '', '2022-11-28 12:59:34'),
(786, '031-5681946-5', 'Nikolia', 'Wroe', 'F', '2022-10-03', 'Shumyachi', '809-445-8860', 'Lansoprazol', '2022-11-28 12:59:34'),
(787, '031-7660987-6', 'Mikey', 'Copas', 'M', '2022-11-10', 'Arruda dos Vinhos', '809-802-6655', 'Amlodipina', '2022-11-28 12:59:34'),
(788, '031-1094344-4', 'Ev', 'Sperwell', 'M', '2022-10-20', 'Ciawi', '809-811-6968', 'Salbutamol', '2022-11-28 12:59:34'),
(789, '031-7234778-4', 'Fabe', 'Marzello', 'M', '2022-05-03', 'Bulgan', '809-130-0792', 'Salbutamol', '2022-11-28 12:59:34'),
(790, '031-0526626-6', 'Herbert', 'Verbeek', 'M', '2022-09-30', 'Jianxi', '809-166-7370', 'Lansoprazol', '2022-11-28 12:59:34'),
(791, '031-2271183-7', 'Erich', 'Haydock', 'M', '2022-07-22', 'Kuala Lumpur', '809-812-1746', 'Ramipril', '2022-11-28 12:59:34'),
(792, '031-3377866-3', 'Antonetta', 'Blackaller', 'F', '2022-07-26', 'Barrosa', '809-541-1278', '', '2022-11-28 12:59:34'),
(793, '031-6445357-7', 'Cristobal', 'Vigurs', 'M', '2022-09-24', 'Pilang', '809-875-3935', 'Simvastatina', '2022-11-28 12:59:34'),
(794, '031-9192886-5', 'Albertine', 'Camerana', 'F', '2022-02-14', 'Río Tercero', '809-026-6057', 'Ramipril', '2022-11-28 12:59:34'),
(795, '031-6214486-7', 'Ernesto', 'Haacker', 'M', '2022-02-02', 'Pavlovka', '809-449-7719', 'Aspirina', '2022-11-28 12:59:34'),
(796, '031-7872162-4', 'Jory', 'Petrowsky', 'M', '2022-01-21', 'Buje', '809-993-3450', 'Amlodipina', '2022-11-28 12:59:34'),
(797, '031-5097975-3', 'Prue', 'Lamar', 'F', '2022-09-20', 'Gading', '809-559-0346', 'Aspirina', '2022-11-28 12:59:34'),
(798, '031-4986477-4', 'Tanitansy', 'Huxley', 'F', '2022-02-15', 'Shipaidong', '809-045-4024', 'Amlodipina', '2022-11-28 12:59:34'),
(799, '031-9599992-8', 'Hank', 'Fierman', 'M', '2022-05-11', 'Balabac', '809-390-0453', 'Amlodipina', '2022-11-28 12:59:35'),
(800, '031-5754088-8', 'Chrystal', 'O\'Bruen', 'F', '2021-12-25', 'Christiana', '809-477-6623', 'Atorvastatina', '2022-11-28 12:59:35'),
(801, '031-1716349-9', 'Rosalinda', 'Yarnton', 'F', '2022-10-13', 'Qiaole', '809-009-9934', 'Paracetamol', '2022-11-28 12:59:35'),
(802, '031-3964552-4', 'Dotty', 'Goadby', 'F', '2022-08-16', 'Hadayang', '809-407-4630', '', '2022-11-28 12:59:35'),
(803, '031-5666417-0', 'Bertine', 'Kubacek', 'F', '2022-02-01', 'Wuhu', '809-097-9069', 'Simvastatina', '2022-11-28 12:59:35'),
(804, '031-6331480-3', 'Ruttger', 'Giannasi', 'M', '2022-05-02', 'Järfälla', '809-390-5080', 'Atorvastatina', '2022-11-28 12:59:35'),
(805, '031-8778029-3', 'Winifred', 'Gitthouse', 'F', '2022-05-11', 'Cabouco', '809-056-2014', 'Simvastatina', '2022-11-28 12:59:35'),
(806, '031-9460288-9', 'Ethyl', 'Jozwik', 'F', '2022-07-15', 'Samothráki', '809-470-4208', 'Lansoprazol', '2022-11-28 12:59:35'),
(807, '031-8035717-3', 'Courtney', 'Cradoc', 'M', '2022-01-07', 'Dalg?n', '809-761-8673', 'Aspirina', '2022-11-28 12:59:35'),
(808, '031-5061622-1', 'Dimitry', 'Fitzer', 'M', '2022-05-22', 'Gagah', '809-372-9575', 'Omeprazol', '2022-11-28 12:59:35'),
(809, '031-1133839-0', 'Birk', 'Bellerby', 'M', '2022-05-13', 'Nanchangshan', '809-672-2957', 'Lansoprazol', '2022-11-28 12:59:35'),
(810, '031-4969304-7', 'Ado', 'Korpolak', 'M', '2022-08-23', 'Bhokadoke', '809-866-6605', 'Omeprazol', '2022-11-28 12:59:35'),
(811, '031-5516915-9', 'Goddart', 'Blackney', 'M', '2022-09-03', 'Chateaubelair', '809-186-2411', 'Lansoprazol', '2022-11-28 12:59:35'),
(812, '031-8371565-9', 'Felicity', 'Jorat', 'F', '2022-07-30', 'D?bno', '809-514-1340', 'Lexotiroxina sódica', '2022-11-28 12:59:35'),
(813, '031-7118060-4', 'Maynard', 'Witchard', 'M', '2022-03-13', 'Niort', '809-924-0881', 'Ramipril', '2022-11-28 12:59:35'),
(814, '031-3340139-1', 'Koressa', 'MacAndrew', 'F', '2021-12-08', 'Tianchi', '809-980-2549', 'Atorvastatina', '2022-11-28 12:59:36'),
(815, '031-8276944-4', 'Maurise', 'Ruslinge', 'M', '2021-11-22', 'Gospi?', '809-027-6883', 'Ramipril', '2022-11-28 12:59:36'),
(816, '031-9069599-9', 'Gertrud', 'Cutajar', 'F', '2022-03-27', 'Bojonglarang', '809-016-1033', 'Ramipril', '2022-11-28 12:59:36'),
(817, '031-4626162-2', 'Gustave', 'Mowatt', 'M', '2022-06-14', 'Volodarka', '809-985-6779', 'Amlodipina', '2022-11-28 12:59:36'),
(818, '031-8296158-5', 'Naoma', 'Tute', 'F', '2022-07-17', 'Labuhan', '809-013-5347', 'Aspirina', '2022-11-28 12:59:36'),
(819, '031-4416856-6', 'Donny', 'Collister', 'F', '2022-05-31', 'Lakha Nëvre', '809-267-7803', 'Salbutamol', '2022-11-28 12:59:36'),
(820, '031-1921200-8', 'Cobby', 'Sculpher', 'M', '2022-08-23', 'Palykavichy Pyershyya', '809-492-1033', 'Simvastatina', '2022-11-28 12:59:36'),
(821, '031-2081735-8', 'Lorrie', 'Strainge', 'M', '2021-12-17', 'Yokkaichi', '809-041-1719', 'Amlodipina', '2022-11-28 12:59:36'),
(822, '031-3000617-6', 'Oralla', 'Powter', 'F', '2022-11-09', 'Belogorsk', '809-337-2715', 'Amlodipina', '2022-11-28 12:59:36'),
(823, '031-4963006-8', 'Araldo', 'Awty', 'M', '2022-06-18', 'Shixi', '809-754-1332', 'Amlodipina', '2022-11-28 12:59:36'),
(824, '031-5023421-7', 'Daron', 'Filippyev', 'F', '2022-08-17', 'Allanridge', '809-664-3685', 'Aspirina', '2022-11-28 12:59:36'),
(825, '031-6794081-5', 'Hercules', 'Balffye', 'M', '2022-09-12', 'Carbajales', '809-798-7727', 'Omeprazol', '2022-11-28 12:59:36'),
(826, '031-5253727-3', 'Nanete', 'Rigmond', 'F', '2022-05-27', 'Siuna', '809-791-5345', 'Ramipril', '2022-11-28 12:59:36'),
(827, '031-6025678-6', 'Nomi', 'Pullinger', 'F', '2022-07-17', 'F?r?z?b?d', '809-590-2300', 'Lexotiroxina sódica', '2022-11-28 12:59:36'),
(828, '031-1362823-6', 'Rainer', 'Kosiada', 'M', '2022-01-20', 'Tianfu', '809-181-0598', 'Aspirina', '2022-11-28 12:59:36'),
(829, '031-7864642-3', 'Duane', 'Pither', 'M', '2022-03-07', 'Robertsfors', '809-768-7942', '', '2022-11-28 12:59:36'),
(830, '031-8300712-4', 'Trev', 'Lightning', 'M', '2022-03-04', 'Clisson', '809-677-3315', 'Simvastatina', '2022-11-28 12:59:36'),
(831, '031-7433574-5', 'Page', 'Tomlinson', 'M', '2022-05-19', '?hm?db?yli', '809-767-7168', 'Atorvastatina', '2022-11-28 12:59:36'),
(832, '031-2768468-9', 'Amble', 'Tevelov', 'M', '2022-09-29', 'Stockholm', '809-470-6627', 'Salbutamol', '2022-11-28 12:59:37'),
(833, '031-8097874-0', 'Ignatius', 'Eginton', 'M', '2022-08-05', 'Makarska', '809-629-6745', 'Omeprazol', '2022-11-28 12:59:37'),
(834, '031-6143552-5', 'Regan', 'Rosenstiel', 'F', '2022-09-22', 'Haokou', '809-766-0344', 'Salbutamol', '2022-11-28 12:59:37'),
(835, '031-7877816-3', 'Griswold', 'Abrey', 'M', '2022-07-31', 'La Caya', '809-612-2321', 'Salbutamol', '2022-11-28 12:59:37'),
(836, '031-5042712-7', 'Cam', 'Tooth', 'F', '2022-01-18', 'Timashëvsk', '809-680-5135', 'Paracetamol', '2022-11-28 12:59:37'),
(837, '031-3262909-0', 'Osmond', 'Woodrow', 'M', '2022-09-12', 'Ambatondrazaka', '809-406-6382', 'Aspirina', '2022-11-28 12:59:37'),
(838, '031-4454756-6', 'Monica', 'Kupec', 'F', '2021-12-31', 'Trashigang', '809-851-9696', '', '2022-11-28 12:59:37'),
(839, '031-9324845-5', 'Stephi', 'Kanwell', 'F', '2022-02-25', 'Pizhma', '809-003-2486', '', '2022-11-28 12:59:37'),
(840, '031-3173135-6', 'Codi', 'Middle', 'F', '2022-08-15', 'Surovikino', '809-837-9637', 'Ramipril', '2022-11-28 12:59:37'),
(841, '031-3268556-8', 'Gweneth', 'Laxon', 'F', '2022-02-23', 'Kabale', '809-944-5793', 'Aspirina', '2022-11-28 12:59:37'),
(842, '031-8854067-6', 'Danell', 'Pott', 'F', '2022-05-16', 'Farsh??', '809-834-6305', '', '2022-11-28 12:59:37'),
(843, '031-5040881-3', 'Weidar', 'Swannack', 'M', '2022-03-10', 'Klakeh', '809-401-5966', 'Lansoprazol', '2022-11-28 12:59:37'),
(844, '031-2526176-9', 'Jammal', 'Sabie', 'M', '2022-05-19', 'Tomsk', '809-603-2696', 'Amlodipina', '2022-11-28 12:59:37'),
(845, '031-5186678-8', 'Liz', 'Hazelden', 'F', '2022-05-12', 'Guinsang-an', '809-520-1037', 'Ramipril', '2022-11-28 12:59:37'),
(846, '031-8433402-6', 'Mill', 'Szymanzyk', 'M', '2022-09-25', 'Zaki Biam', '809-754-1523', 'Atorvastatina', '2022-11-28 12:59:37'),
(847, '031-9723139-1', 'Giff', 'Crapper', 'M', '2022-07-21', 'Montenegro', '809-019-3721', 'Amlodipina', '2022-11-28 12:59:37'),
(848, '031-9089272-3', 'Kyle', 'Wein', 'F', '2022-08-01', 'Liquan Chengguanzhen', '809-918-8299', 'Omeprazol', '2022-11-28 12:59:37'),
(849, '031-5635136-4', 'Cindy', 'Redrup', 'F', '2022-01-09', 'Budaka', '809-485-9092', 'Lexotiroxina sódica', '2022-11-28 12:59:37'),
(850, '031-6278908-1', 'Jeffrey', 'McKendry', 'M', '2021-12-13', 'Ban Thaen', '809-804-3713', 'Paracetamol', '2022-11-28 12:59:37'),
(851, '031-5169703-2', 'Bethina', 'Twist', 'F', '2022-01-16', 'Sui’an', '809-462-3637', 'Salbutamol', '2022-11-28 12:59:37'),
(852, '031-8908604-4', 'Cortie', 'Forde', 'M', '2022-10-02', 'Lesuhe', '809-291-5890', '', '2022-11-28 12:59:38'),
(853, '031-0690506-2', 'Debbie', 'Swayte', 'F', '2022-04-23', 'Skalat', '809-750-9929', 'Paracetamol', '2022-11-28 12:59:38'),
(854, '031-8639537-7', 'Rick', 'Dahlen', 'M', '2022-07-28', 'Cimanggu', '809-848-4290', 'Lexotiroxina sódica', '2022-11-28 12:59:38'),
(855, '031-2385010-7', 'Dino', 'Crouch', 'M', '2022-05-05', 'Patulul', '809-487-5705', 'Omeprazol', '2022-11-28 12:59:38'),
(856, '031-0125348-9', 'Constancy', 'Thundercliffe', 'F', '2022-05-18', 'Balitai', '809-872-0442', 'Amlodipina', '2022-11-28 12:59:38'),
(857, '031-4057174-3', 'Hale', 'Larsen', 'M', '2022-02-10', 'Marianowo', '809-146-1641', 'Aspirina', '2022-11-28 12:59:38'),
(858, '031-9079074-3', 'Constantino', 'McGoon', 'M', '2022-04-20', 'Ljungby', '809-451-4018', '', '2022-11-28 12:59:38'),
(859, '031-0446383-5', 'Winifred', 'Went', 'F', '2022-10-22', 'Sutysky', '809-758-7678', 'Omeprazol', '2022-11-28 12:59:38'),
(860, '031-8784920-0', 'Luella', 'Cadore', 'F', '2022-06-05', 'Krajan Pocangan', '809-815-0308', 'Atorvastatina', '2022-11-28 12:59:38'),
(861, '031-8836281-4', 'Jordanna', 'Stump', 'F', '2022-06-10', 'Kubangkondang', '809-102-9106', 'Lansoprazol', '2022-11-28 12:59:38'),
(862, '031-8191517-3', 'Romola', 'Meegin', 'F', '2022-11-06', 'Lingbei', '809-766-6066', 'Omeprazol', '2022-11-28 12:59:38'),
(863, '031-0070103-5', 'Gilbertine', 'Ghidoli', 'F', '2022-11-04', 'Yashalta', '809-571-7613', 'Ramipril', '2022-11-28 12:59:38'),
(864, '031-1113444-9', 'Reagen', 'De Cruz', 'M', '2021-12-19', 'La Garenne-Colombes', '809-655-8386', '', '2022-11-28 12:59:38'),
(865, '031-8307077-5', 'Lexy', 'Gair', 'F', '2022-03-18', 'Kyegegwa', '809-842-0937', 'Salbutamol', '2022-11-28 12:59:38'),
(866, '031-0598324-1', 'Boigie', 'McKenny', 'M', '2022-09-04', 'Iogach', '809-342-5263', 'Omeprazol', '2022-11-28 12:59:38'),
(867, '031-0042525-4', 'Cyndie', 'Pygott', 'F', '2022-08-08', 'San José de las Lajas', '809-104-4971', 'Paracetamol', '2022-11-28 12:59:38'),
(868, '031-4575533-6', 'Lefty', 'Madeley', 'M', '2022-07-09', 'Dijon', '809-684-7636', 'Amlodipina', '2022-11-28 12:59:38'),
(869, '031-3280403-0', 'Tybalt', 'Scrowston', 'M', '2022-03-27', 'Melaka', '809-030-1567', 'Paracetamol', '2022-11-28 12:59:39'),
(870, '031-7794210-6', 'Annamarie', 'Driussi', 'F', '2022-05-14', 'Cruz del Eje', '809-356-1112', 'Simvastatina', '2022-11-28 12:59:39'),
(871, '031-7705187-6', 'Freddie', 'Peacher', 'F', '2022-04-29', 'Osypenko', '809-657-1462', 'Amlodipina', '2022-11-28 12:59:39'),
(872, '031-8441193-5', 'Poppy', 'Dollar', 'F', '2022-02-24', 'Le Puy-en-Velay', '809-542-5740', 'Salbutamol', '2022-11-28 12:59:39'),
(873, '031-3591863-8', 'Lemmie', 'Idney', 'M', '2021-11-24', 'Bang Pa-in', '809-673-9138', 'Amlodipina', '2022-11-28 12:59:39'),
(874, '031-3436492-5', 'Leonore', 'Parradice', 'F', '2021-12-05', 'Albi', '809-698-2734', 'Ramipril', '2022-11-28 12:59:39'),
(875, '031-6569709-2', 'Madlin', 'Tefft', 'F', '2022-06-23', 'La Motte-Servolex', '809-187-1793', 'Ramipril', '2022-11-28 12:59:39'),
(876, '031-6385093-5', 'Marice', 'Punchard', 'F', '2022-08-30', 'Novoye Devyatkino', '809-315-0237', 'Atorvastatina', '2022-11-28 12:59:39'),
(877, '031-9749227-4', 'Janek', 'Maric', 'M', '2022-07-13', 'Juru', '809-193-2258', 'Atorvastatina', '2022-11-28 12:59:39'),
(878, '031-4030992-0', 'Catlee', 'Blount', 'F', '2022-06-12', 'Xiayang', '809-977-5018', 'Lexotiroxina sódica', '2022-11-28 12:59:39'),
(879, '031-2723658-4', 'Chaunce', 'Gittoes', 'M', '2022-10-21', 'Ebu', '809-063-4773', 'Ramipril', '2022-11-28 12:59:39'),
(880, '031-7668913-4', 'Nels', 'Kamena', 'M', '2022-06-25', 'Lomba do Loução', '809-901-3472', 'Atorvastatina', '2022-11-28 12:59:39'),
(881, '031-9088054-5', 'Alane', 'Fraczkiewicz', 'F', '2022-09-10', 'Chumpi', '809-695-8101', 'Omeprazol', '2022-11-28 12:59:39'),
(882, '031-4714405-5', 'Lynnea', 'Whitford', 'F', '2022-05-24', 'Pongol', '809-663-6123', 'Lansoprazol', '2022-11-28 12:59:39'),
(883, '031-1212962-6', 'Boniface', 'Mulqueen', 'M', '2022-06-14', 'Sukowono', '809-510-0505', 'Paracetamol', '2022-11-28 12:59:39'),
(884, '031-7901602-2', 'Fletch', 'Quincey', 'M', '2022-02-18', 'Paraíso', '809-378-8073', 'Salbutamol', '2022-11-28 12:59:39'),
(885, '031-9537891-5', 'Jaymie', 'Buffey', 'M', '2022-07-18', 'Nancang', '809-370-1292', 'Salbutamol', '2022-11-28 12:59:40'),
(886, '031-1722851-1', 'Lauraine', 'Kyte', 'F', '2022-05-15', 'Sumaré', '809-703-9273', 'Atorvastatina', '2022-11-28 12:59:40'),
(887, '031-8364451-3', 'Christan', 'Schwant', 'F', '2022-06-23', 'Delta del Tigre', '809-456-7821', 'Atorvastatina', '2022-11-28 12:59:40'),
(888, '031-2353281-2', 'Blanca', 'Pointing', 'F', '2022-02-18', 'Karasuyama', '809-284-9187', 'Lansoprazol', '2022-11-28 12:59:40'),
(889, '031-1368102-2', 'Ruben', 'Daleman', 'M', '2022-10-13', 'North Little Rock', '809-656-4466', 'Omeprazol', '2022-11-28 12:59:40'),
(890, '031-0823709-5', 'Leontine', 'Goodin', 'F', '2022-03-08', 'Cabanaconde', '809-806-7109', 'Paracetamol', '2022-11-28 12:59:40'),
(891, '031-6047936-9', 'Genny', 'Bischoff', 'F', '2022-09-28', 'Hetang', '809-462-8692', 'Lexotiroxina sódica', '2022-11-28 12:59:40'),
(892, '031-7083323-4', 'Fulvia', 'Shafto', 'F', '2022-05-20', 'Tanahgrogot', '809-736-9214', 'Amlodipina', '2022-11-28 12:59:40'),
(893, '031-1450837-4', 'Dara', 'Piggott', 'F', '2022-11-06', 'Dolega District', '809-274-0297', 'Lansoprazol', '2022-11-28 12:59:40'),
(894, '031-3018619-9', 'Gawen', 'Hanham', 'M', '2022-08-31', 'Itapé', '809-952-8965', 'Salbutamol', '2022-11-28 12:59:40'),
(895, '031-0904539-1', 'Jon', 'Macconachy', 'M', '2022-09-23', 'Göteborg', '809-465-9991', 'Lexotiroxina sódica', '2022-11-28 12:59:40'),
(896, '031-9960730-5', 'Cristen', 'Manginot', 'F', '2022-07-22', 'Pasarbaru', '809-081-4050', 'Paracetamol', '2022-11-28 12:59:40'),
(897, '031-1767019-5', 'Quill', 'Tacker', 'M', '2022-08-18', 'Opo?no', '809-168-7008', 'Aspirina', '2022-11-28 12:59:40'),
(898, '031-9208457-8', 'Chilton', 'Barton', 'M', '2022-01-20', 'Pulong Sampalok', '809-828-2187', 'Simvastatina', '2022-11-28 12:59:40'),
(899, '031-0875983-2', 'Matty', 'Fullick', 'F', '2022-02-24', 'Gampengrejo', '809-577-9792', 'Aspirina', '2022-11-28 12:59:40'),
(900, '031-7938746-4', 'Flossi', 'Durrant', 'F', '2022-02-09', 'Täby', '809-282-5696', 'Aspirina', '2022-11-28 12:59:40'),
(901, '031-2853959-3', 'Skipton', 'Lillecrap', 'M', '2022-03-01', 'Jiamiao', '809-758-0502', 'Lansoprazol', '2022-11-28 12:59:40'),
(902, '031-2566324-4', 'Clevey', 'Donoher', 'M', '2022-04-11', 'Gasri', '809-123-8735', '', '2022-11-28 12:59:40'),
(903, '031-2005069-7', 'Ferdinand', 'Horwell', 'M', '2022-03-29', 'Talabaan', '809-258-0331', 'Lexotiroxina sódica', '2022-11-28 12:59:40'),
(904, '031-3943873-5', 'Kelbee', 'Skule', 'M', '2022-04-22', 'Kampungdesa', '809-892-4031', 'Lansoprazol', '2022-11-28 12:59:40'),
(905, '031-4007267-8', 'Rudd', 'McKevin', 'M', '2022-11-12', 'Ndwedwe', '809-837-6043', 'Atorvastatina', '2022-11-28 12:59:41'),
(906, '031-7966512-9', 'Joela', 'MacSweeney', 'F', '2022-05-07', 'Imishli', '809-889-9846', 'Ramipril', '2022-11-28 12:59:41'),
(907, '031-6244822-6', 'Blithe', 'Kitchingman', 'F', '2022-05-31', 'Usogorsk', '809-274-9275', 'Omeprazol', '2022-11-28 12:59:41'),
(908, '031-8402685-5', 'Ezmeralda', 'Leser', 'F', '2022-02-21', 'Macheke', '809-152-9197', 'Ramipril', '2022-11-28 12:59:41'),
(909, '031-4186986-1', 'Rorke', 'Slaney', 'M', '2022-02-09', 'Kafr Thulth', '809-520-9769', '', '2022-11-28 12:59:41'),
(910, '031-4121650-2', 'Asa', 'Blackstone', 'M', '2022-04-30', 'Xinfeng', '809-713-1427', 'Simvastatina', '2022-11-28 12:59:41'),
(911, '031-3776019-8', 'Care', 'Goldthorpe', 'M', '2022-10-15', 'Mulanje', '809-639-7519', 'Aspirina', '2022-11-28 12:59:41'),
(912, '031-4882955-6', 'Lefty', 'Filov', 'M', '2022-09-08', 'P?tan', '809-873-0434', 'Amlodipina', '2022-11-28 12:59:41'),
(913, '031-7768746-3', 'Jimmy', 'Abramamovh', 'M', '2021-12-01', 'Shizi', '809-100-5547', '', '2022-11-28 12:59:41'),
(914, '031-9744453-0', 'Udall', 'Bellany', 'M', '2022-09-06', 'Raszków', '809-189-3516', 'Salbutamol', '2022-11-28 12:59:41'),
(915, '031-1970440-3', 'Halley', 'Adam', 'F', '2022-05-08', 'Hac?qabul', '809-120-8705', 'Lexotiroxina sódica', '2022-11-28 12:59:41'),
(916, '031-8930282-0', 'Barrett', 'Monte', 'M', '2022-10-16', 'San Luis', '809-270-5956', 'Lansoprazol', '2022-11-28 12:59:41'),
(917, '031-2820609-0', 'Keri', 'Woltman', 'F', '2022-03-09', 'Jarigue', '809-660-5401', 'Amlodipina', '2022-11-28 12:59:41'),
(918, '031-5908252-2', 'Clyve', 'Bowditch', 'M', '2022-03-08', 'Peterborough', '809-628-5871', '', '2022-11-28 12:59:42'),
(919, '031-4496503-3', 'Sim', 'Griniov', 'M', '2022-01-18', 'Rio Claro', '809-302-2622', 'Salbutamol', '2022-11-28 12:59:42'),
(920, '031-3654742-2', 'Mariel', 'Boays', 'F', '2022-04-19', 'Salto', '809-460-2829', 'Ramipril', '2022-11-28 12:59:42'),
(921, '031-2027053-9', 'Izzy', 'Castellone', 'M', '2022-01-31', 'Toyooka', '809-510-2522', 'Lexotiroxina sódica', '2022-11-28 12:59:42'),
(922, '031-7485597-0', 'Auria', 'Redemile', 'F', '2022-11-20', 'Los Santos', '809-562-7662', '', '2022-11-28 12:59:42'),
(923, '031-4857280-8', 'Bliss', 'Olcot', 'F', '2022-07-02', 'Putrajaya', '809-749-6695', '', '2022-11-28 12:59:42'),
(924, '031-0258180-6', 'Freeland', 'Anyon', 'M', '2021-12-25', 'Tuchomie', '809-306-3920', 'Aspirina', '2022-11-28 12:59:42'),
(925, '031-4212612-4', 'Isabelita', 'Vanshin', 'F', '2022-11-01', 'Baisha', '809-723-0571', 'Amlodipina', '2022-11-28 12:59:42'),
(926, '031-5185286-9', 'Matt', 'Slarke', 'M', '2022-08-16', 'Joal-Fadiout', '809-344-1013', 'Simvastatina', '2022-11-28 12:59:42'),
(927, '031-8473332-2', 'Crosby', 'Sutter', 'M', '2022-07-13', 'San Jerónimo', '809-711-0947', 'Aspirina', '2022-11-28 12:59:42'),
(928, '031-8116599-0', 'Genia', 'Elmar', 'F', '2022-07-01', 'Jankowice', '809-177-5157', 'Omeprazol', '2022-11-28 12:59:42'),
(929, '031-2276744-9', 'Corbet', 'Hart', 'M', '2022-11-11', 'Shi?an as Suflá', '809-090-8432', 'Amlodipina', '2022-11-28 12:59:42'),
(930, '031-5981033-3', 'Samaria', 'Letham', 'F', '2022-10-05', 'Talashkino', '809-188-4325', '', '2022-11-28 12:59:42'),
(931, '031-6735290-2', 'Sutherland', 'Bellocht', 'M', '2022-09-17', 'Mercedes', '809-154-9642', 'Simvastatina', '2022-11-28 12:59:42'),
(932, '031-2021674-3', 'Reed', 'Wey', 'M', '2022-01-08', 'Sidaohezi', '809-884-0901', 'Aspirina', '2022-11-28 12:59:42'),
(933, '031-7093685-5', 'Carrissa', 'Feaveer', 'F', '2021-12-02', 'Apurawan', '809-112-9474', 'Aspirina', '2022-11-28 12:59:42'),
(934, '031-8537363-8', 'Garreth', 'Dassindale', 'M', '2022-07-20', 'Thongwa', '809-506-5833', 'Amlodipina', '2022-11-28 12:59:42'),
(935, '031-0627968-4', 'Casey', 'Oakden', 'M', '2022-07-27', 'Changyanbao', '809-705-0392', 'Atorvastatina', '2022-11-28 12:59:42'),
(936, '031-2871529-9', 'Berke', 'Gazey', 'M', '2022-01-29', 'Kokhanava', '809-154-7884', 'Simvastatina', '2022-11-28 12:59:43'),
(937, '031-7244951-0', 'Elana', 'Titcombe', 'F', '2022-03-26', 'Taiyigong', '809-623-6944', 'Lexotiroxina sódica', '2022-11-28 12:59:43'),
(938, '031-9500867-3', 'Merry', 'Whitehead', 'F', '2022-05-02', 'Inglewood', '809-129-5150', 'Omeprazol', '2022-11-28 12:59:43'),
(939, '031-2469934-5', 'Andriana', 'Harris', 'F', '2022-09-27', 'Uvira', '809-839-3607', 'Lansoprazol', '2022-11-28 12:59:43'),
(940, '031-5899295-5', 'Olly', 'Gregan', 'M', '2022-01-11', 'Bykov', '809-202-2423', 'Atorvastatina', '2022-11-28 12:59:43'),
(941, '031-6101957-7', 'Kenneth', 'Beentjes', 'M', '2022-07-01', 'Irákleia', '809-501-7914', 'Salbutamol', '2022-11-28 12:59:43'),
(942, '031-6090086-1', 'Kerk', 'Baines', 'M', '2022-06-21', 'Nikol’sk', '809-692-8212', 'Lansoprazol', '2022-11-28 12:59:43'),
(943, '031-0328991-9', 'Kennie', 'Bracey', 'M', '2022-02-20', 'Saseel', '809-228-3801', 'Paracetamol', '2022-11-28 12:59:43'),
(944, '031-1683319-7', 'Leo', 'Fantham', 'M', '2022-04-11', 'Salt Lake City', '809-987-4872', 'Paracetamol', '2022-11-28 12:59:43'),
(945, '031-3124963-8', 'Rosemaria', 'Sharnock', 'F', '2022-01-19', 'Bontang Baru', '809-934-5805', 'Lansoprazol', '2022-11-28 12:59:43'),
(946, '031-8232558-7', 'Wat', 'Walklate', 'M', '2022-10-17', 'Mazyr', '809-271-9309', 'Ramipril', '2022-11-28 12:59:43'),
(947, '031-0914974-6', 'Robenia', 'Winterburn', 'F', '2022-06-21', 'Pushchino', '809-991-6052', 'Atorvastatina', '2022-11-28 12:59:43'),
(948, '031-9364096-5', 'Cherice', 'Shave', 'F', '2022-02-09', 'Dolo', '809-172-3916', 'Amlodipina', '2022-11-28 12:59:43'),
(949, '031-8610028-9', 'Evvie', 'Mohan', 'F', '2022-09-06', 'Sumberpandan', '809-775-0408', 'Omeprazol', '2022-11-28 12:59:43'),
(950, '031-0185858-2', 'Fernanda', 'Azam', 'F', '2022-09-21', 'Bieqiao', '809-382-0180', 'Atorvastatina', '2022-11-28 12:59:43'),
(951, '031-5716377-3', 'Russell', 'Logsdale', 'M', '2022-06-28', 'Cikijing', '809-527-2500', 'Lansoprazol', '2022-11-28 12:59:43'),
(952, '031-4714286-2', 'Lebbie', 'Spencook', 'F', '2022-02-27', 'Stenungsund', '809-419-0162', 'Simvastatina', '2022-11-28 12:59:43'),
(953, '031-2531617-5', 'Bronson', 'Challiss', 'M', '2022-03-10', 'Citambal', '809-562-8604', 'Lexotiroxina sódica', '2022-11-28 12:59:43'),
(954, '031-2695823-5', 'Ingaborg', 'Zisneros', 'F', '2022-06-23', 'Annecy', '809-144-4058', 'Simvastatina', '2022-11-28 12:59:43'),
(955, '031-1954460-7', 'Wye', 'MacIan', 'M', '2022-05-01', 'Huolongping', '809-399-6384', '', '2022-11-28 12:59:43'),
(956, '031-5005810-3', 'Silvan', 'Garbutt', 'M', '2022-01-04', 'Yunping', '809-100-9332', 'Paracetamol', '2022-11-28 12:59:44'),
(957, '031-4988259-8', 'Arlie', 'Titt', 'F', '2022-01-06', 'Sundbyberg', '809-749-0327', '', '2022-11-28 12:59:44'),
(958, '031-3992088-9', 'Cassandry', 'Dore', 'F', '2022-08-08', 'El Almendro', '809-051-3091', 'Simvastatina', '2022-11-28 12:59:44'),
(959, '031-7988847-4', 'Rina', 'Jakel', 'F', '2022-11-05', 'Tegarenkrajan', '809-149-1274', 'Lexotiroxina sódica', '2022-11-28 12:59:44'),
(960, '031-5594001-7', 'Ericka', 'Vergine', 'F', '2022-09-02', 'Anyar', '809-012-5668', 'Ramipril', '2022-11-28 12:59:44'),
(961, '031-0907256-8', 'Giulia', 'Sleeford', 'F', '2022-03-13', 'Kveda Chkhorots’q’u', '809-893-1888', 'Salbutamol', '2022-11-28 12:59:44'),
(962, '031-7879867-4', 'Morgan', 'Durban', 'M', '2022-10-25', '?al??l', '809-217-8541', 'Amlodipina', '2022-11-28 12:59:44'),
(963, '031-1670586-4', 'Kaitlin', 'Presswell', 'F', '2022-01-22', 'Chat Trakan', '809-553-8357', 'Lansoprazol', '2022-11-28 12:59:44'),
(964, '031-9719546-0', 'Lon', 'Kinder', 'M', '2022-09-15', 'Sibubuhan', '809-782-4778', 'Lansoprazol', '2022-11-28 12:59:44'),
(965, '031-7697001-9', 'Darlene', 'Karlsen', 'F', '2022-05-04', 'Balta', '809-783-1054', 'Lexotiroxina sódica', '2022-11-28 12:59:44'),
(966, '031-4385101-4', 'Waly', 'Lauxmann', 'F', '2022-05-24', 'Tanabi', '809-850-4344', 'Aspirina', '2022-11-28 12:59:45'),
(967, '031-5916388-0', 'Stefania', 'Dilawey', 'F', '2022-04-04', 'Moncada', '809-388-2043', 'Salbutamol', '2022-11-28 12:59:45'),
(968, '031-0069511-2', 'Dieter', 'Landers', 'M', '2022-02-21', 'Morje', '809-077-9443', 'Paracetamol', '2022-11-28 12:59:45'),
(969, '031-1972064-4', 'Pen', 'Motten', 'F', '2022-03-01', 'North Little Rock', '809-885-7724', 'Atorvastatina', '2022-11-28 12:59:45'),
(970, '031-3021898-6', 'Marylynne', 'Fleis', 'F', '2022-01-14', 'Támara', '809-883-2737', 'Paracetamol', '2022-11-28 12:59:45'),
(971, '031-8670282-4', 'Ramsay', 'Shorbrook', 'M', '2022-06-16', 'Jurovski Dol', '809-197-7695', 'Omeprazol', '2022-11-28 12:59:45'),
(972, '031-1370855-7', 'Sollie', 'Blackmuir', 'M', '2022-09-07', 'Salon-de-Provence', '809-117-9679', 'Amlodipina', '2022-11-28 12:59:45'),
(973, '031-2583225-2', 'Lazar', 'Beccera', 'M', '2022-04-24', 'Orlovka', '809-002-6137', 'Omeprazol', '2022-11-28 12:59:45'),
(974, '031-0340433-8', 'Trip', 'Styche', 'M', '2022-01-29', 'Toledo', '809-591-1200', 'Salbutamol', '2022-11-28 12:59:45'),
(975, '031-0392527-6', 'Susy', 'Meletti', 'F', '2022-05-05', 'Capela', '809-346-7223', 'Amlodipina', '2022-11-28 12:59:45'),
(976, '031-1924373-5', 'Dennison', 'Signori', 'M', '2022-09-29', 'Banghai', '809-280-6409', 'Aspirina', '2022-11-28 12:59:46'),
(977, '031-4006604-9', 'Mozelle', 'Tilberry', 'F', '2022-06-02', 'Jati', '809-593-3721', 'Lexotiroxina sódica', '2022-11-28 12:59:46'),
(978, '031-0030415-7', 'Mercie', 'Karlolak', 'F', '2022-03-26', 'Kambatatamakawu', '809-782-3615', 'Lexotiroxina sódica', '2022-11-28 12:59:46'),
(979, '031-8248385-1', 'Dyna', 'Jovic', 'F', '2022-06-17', 'Pilzno', '809-048-0749', 'Aspirina', '2022-11-28 12:59:47'),
(980, '031-5684569-5', 'Sarene', 'Pavlata', 'F', '2022-04-03', 'Morinville', '809-530-3081', 'Atorvastatina', '2022-11-28 12:59:47'),
(981, '031-6146284-0', 'Dave', 'Pannaman', 'M', '2022-04-17', 'Imotski', '809-664-2838', 'Salbutamol', '2022-11-28 12:59:47'),
(982, '031-8333723-3', 'Jerome', 'Keigher', 'M', '2022-04-30', 'Krajan', '809-913-9400', '', '2022-11-28 12:59:47'),
(983, '031-9517580-1', 'Philip', 'Padson', 'M', '2022-06-17', 'Couva', '809-665-0878', 'Atorvastatina', '2022-11-28 12:59:47'),
(984, '031-2118872-1', 'Roda', 'Leadbitter', 'F', '2022-03-08', 'Kontiolahti', '809-814-4236', 'Ramipril', '2022-11-28 12:59:47'),
(985, '031-7390319-8', 'Cynde', 'Bettlestone', 'F', '2022-05-05', 'Fuente de Oro', '809-871-1731', 'Aspirina', '2022-11-28 12:59:47'),
(986, '031-7438869-9', 'Willis', 'Woodbridge', 'M', '2022-10-17', 'Xiliguantun', '809-251-2176', 'Lansoprazol', '2022-11-28 12:59:47'),
(987, '031-6611262-2', 'Patti', 'Jacobsen', 'F', '2022-06-14', 'Dortmund', '809-135-1901', 'Lansoprazol', '2022-11-28 12:59:47'),
(988, '031-5415374-7', 'Chester', 'Wellman', 'M', '2022-06-01', 'Tekeli', '809-734-5463', '', '2022-11-28 12:59:47'),
(989, '031-5706491-1', 'Edythe', 'Kettleson', 'F', '2022-03-21', 'Kaliro', '809-512-0418', 'Paracetamol', '2022-11-28 12:59:47'),
(990, '031-7626002-1', 'Yulma', 'Jumont', 'M', '2022-07-21', 'Newton', '809-506-9732', '', '2022-11-28 12:59:47'),
(991, '031-1164779-0', 'Hubert', 'Gurry', 'M', '2022-09-06', 'Clarence-Rockland', '809-484-0638', 'Amlodipina', '2022-11-28 12:59:47'),
(992, '031-7148873-1', 'Dana', 'Brentnall', 'M', '2022-10-21', 'Fuxing', '809-411-5869', 'Amlodipina', '2022-11-28 12:59:47'),
(993, '031-4299275-2', 'Verna', 'Ofen', 'F', '2021-12-11', 'Goiatuba', '809-300-9992', 'Salbutamol', '2022-11-28 12:59:47'),
(994, '031-3037158-6', 'Zara', 'Piscotti', 'F', '2022-10-14', 'Yonghe', '809-071-8815', 'Omeprazol', '2022-11-28 12:59:48'),
(995, '031-0566005-4', 'Claudianus', 'Bottomore', 'M', '2022-10-09', 'Areni', '809-245-5697', 'Simvastatina', '2022-11-28 12:59:48'),
(996, '031-2473100-5', 'Nicholas', 'Boyd', 'M', '2022-07-16', 'Medicine Hat', '809-132-0667', 'Atorvastatina', '2022-11-28 12:59:48'),
(997, '031-6280233-3', 'Kelly', 'Peasey', 'F', '2022-02-17', 'Budapest', '809-295-1816', 'Ramipril', '2022-11-28 12:59:48'),
(998, '031-2979393-7', 'Iosep', 'Tewkesbury', 'M', '2022-11-21', 'Hà T?nh', '809-860-1272', 'Salbutamol', '2022-11-28 12:59:48'),
(999, '031-7635947-9', 'Faustina', 'Simkins', 'F', '2022-04-16', 'Souto da Casa', '809-554-7837', '', '2022-11-28 12:59:48'),
(1000, '031-3566358-8', 'Garreth', 'Plinck', 'M', '2022-02-13', 'San Isidro', '809-553-2234', 'Amlodipina', '2022-11-28 12:59:48');

-- --------------------------------------------------------

--
-- Estructura de tabla para la tabla `usuario`
--

CREATE TABLE `usuario` (
  `User_ID` int(3) NOT NULL,
  `Nombre_usuario` varchar(15) NOT NULL,
  `password` varchar(150) NOT NULL,
  `Fecha_Creado` timestamp NOT NULL DEFAULT current_timestamp(),
  `Tipo_usuario` varchar(15) NOT NULL
) ENGINE=InnoDB DEFAULT CHARSET=latin1;

--
-- Volcado de datos para la tabla `usuario`
--

INSERT INTO `usuario` (`User_ID`, `Nombre_usuario`, `password`, `Fecha_Creado`, `Tipo_usuario`) VALUES
(2, 'inoa', '$2y$10$SUVj7kx/HJFhy462eyr2X.L5b55iiF.5/5.BdluE67mzvrqtny5n6', '2022-11-10 15:03:45', 'Secretaria'),
(6, 'armando', '$2y$10$XAQ7RaXMunBnU2.YbAr.suQKADbHMRqYSaOtxVEdiXEcDzSJNiw02', '2022-11-15 13:36:44', 'secre'),
(7, 'JUSTIN', '$2y$10$jmHW/u/EVkHs.7rcNLXWZ.vAaEQjGLeQboXEutGI/haX2wvxnYVta', '2022-11-15 13:38:41', 'DOC'),
(8, 'JUSTIN1', '$2y$10$TIhPkZlWjIqQEhtYmSGOjer269mZLm.ZMohtr6TOQbkBbENjht/uW', '2022-11-29 15:23:43', 'SECRE'),
(9, 'PAOLA', '$2y$10$pByAcbe49NtfHUDCawho8uOq6H6Ho8X.BjMgK53wixKcHKwQnL8CO', '2022-12-06 13:33:55', 'SECRE'),
(10, 'CRITIAN', '$2y$10$LmyXnMQmZLMbVgyW.MGTOe74FdCG1QFiJ24QI9V6aMqR28w0d9Pea', '2022-12-06 13:34:28', 'SECRE'),
(11, 'MAMI', '$2y$10$aZSkT33NDcdZ79dOH7aDB.gEENYaxdezY71580/jPqIo16GnUQ.3q', '2022-12-06 15:07:42', 'ADMIN');

--
-- Índices para tablas volcadas
--

--
-- Indices de la tabla `citas`
--
ALTER TABLE `citas`
  ADD PRIMARY KEY (`ID_CITA`),
  ADD KEY `ID_Paciente` (`ID_Paciente`,`ID_Medico`,`User_ID`),
  ADD KEY `ID_Medico` (`ID_Medico`),
  ADD KEY `User_ID` (`User_ID`);

--
-- Indices de la tabla `factura`
--
ALTER TABLE `factura`
  ADD PRIMARY KEY (`ID_Factura`),
  ADD KEY `ID_Paciente` (`ID_Paciente`),
  ADD KEY `ID_Usuario` (`User_ID`),
  ADD KEY `ID_Medico` (`ID_Medico`),
  ADD KEY `ID_CITA` (`ID_CITA`);

--
-- Indices de la tabla `medico`
--
ALTER TABLE `medico`
  ADD PRIMARY KEY (`ID_Medico`);

--
-- Indices de la tabla `pacientes`
--
ALTER TABLE `pacientes`
  ADD PRIMARY KEY (`ID_Paciente`);

--
-- Indices de la tabla `usuario`
--
ALTER TABLE `usuario`
  ADD PRIMARY KEY (`User_ID`);

--
-- AUTO_INCREMENT de las tablas volcadas
--

--
-- AUTO_INCREMENT de la tabla `citas`
--
ALTER TABLE `citas`
  MODIFY `ID_CITA` int(3) NOT NULL AUTO_INCREMENT, AUTO_INCREMENT=7;

--
-- AUTO_INCREMENT de la tabla `factura`
--
ALTER TABLE `factura`
  MODIFY `ID_Factura` int(5) NOT NULL AUTO_INCREMENT, AUTO_INCREMENT=45;

--
-- AUTO_INCREMENT de la tabla `medico`
--
ALTER TABLE `medico`
  MODIFY `ID_Medico` int(3) NOT NULL AUTO_INCREMENT, AUTO_INCREMENT=5;

--
-- AUTO_INCREMENT de la tabla `pacientes`
--
ALTER TABLE `pacientes`
  MODIFY `ID_Paciente` int(3) NOT NULL AUTO_INCREMENT, AUTO_INCREMENT=1001;

--
-- AUTO_INCREMENT de la tabla `usuario`
--
ALTER TABLE `usuario`
  MODIFY `User_ID` int(3) NOT NULL AUTO_INCREMENT, AUTO_INCREMENT=12;

--
-- Restricciones para tablas volcadas
--

--
-- Filtros para la tabla `citas`
--
ALTER TABLE `citas`
  ADD CONSTRAINT `citas_ibfk_1` FOREIGN KEY (`ID_Medico`) REFERENCES `medico` (`ID_Medico`),
  ADD CONSTRAINT `citas_ibfk_2` FOREIGN KEY (`User_ID`) REFERENCES `usuario` (`User_ID`),
  ADD CONSTRAINT `citas_ibfk_3` FOREIGN KEY (`ID_Paciente`) REFERENCES `pacientes` (`ID_Paciente`);

--
-- Filtros para la tabla `factura`
--
ALTER TABLE `factura`
  ADD CONSTRAINT `factura_ibfk_1` FOREIGN KEY (`ID_Paciente`) REFERENCES `pacientes` (`ID_Paciente`),
  ADD CONSTRAINT `factura_ibfk_2` FOREIGN KEY (`ID_Medico`) REFERENCES `medico` (`ID_Medico`),
  ADD CONSTRAINT `factura_ibfk_3` FOREIGN KEY (`User_ID`) REFERENCES `usuario` (`User_ID`),
  ADD CONSTRAINT `factura_ibfk_4` FOREIGN KEY (`ID_CITA`) REFERENCES `citas` (`ID_CITA`);
COMMIT;

/*!40101 SET CHARACTER_SET_CLIENT=@OLD_CHARACTER_SET_CLIENT */;
/*!40101 SET CHARACTER_SET_RESULTS=@OLD_CHARACTER_SET_RESULTS */;
/*!40101 SET COLLATION_CONNECTION=@OLD_COLLATION_CONNECTION */;
